"V1","V2","V3","V4","V5"
"ý","ý","ý","ý",NA
"Cást V.","Cást V.","Cást V.","Cást V.",NA
"Dary","Dary","Dary","Dary",NA
"Počet stran 28 v části V.","Počet stran 28 v části V.","Počet stran 28 v části V.","Počet stran 28 v části V.",NA
"Celkem 25 641 328","00 Kč v části V.","Celkem 25 641 328","00 Kč v části V.",NA
": m ; : nN TERANOZÉH) Výše peněžitého daru nebo",": m ; : nN TERANOZÉH) Výše peněžitého daru nebo",": m ; : nN TERANOZÉH) Výše peněžitého daru nebo",": m ; : nN TERANOZÉH) Výše peněžitého daru nebo",NA
"Jméno"," pi íjmení nebo obchodní firma"," nebo n Sbvylelé","Jméno",NA
"resp. název dárce přid číslo cený nepeněžitého dáru'v: Kč","resp. název dárce přid číslo cený nepeněžitého dáru'v: Kč","resp. název dárce přid číslo cený nepeněžitého dáru'v: Kč","resp. název dárce přid číslo cený nepeněžitého dáru'v: Kč",NA
" arce"," arce"," arce"," arce",NA
"Adámek"," Jiří"," Litoměřice (23.11.1984 peněžitý dar 7 388","00 ",NA
" Adámek"," Miroslav"," Vikýřovice 26.08.1973  peněžitý dar 110 000","00 ",NA
" Adámková"," Věra"," Praha 15 19.10.1954  peněžitý dar 59 400","00 ",NA
" Adamová"," Renata"," Chomutov —"": T nazý dar 689000. 1"," Adamová",NA
" ADOP-car a.s"," Ostrava - Svinov 60792604  peněžitý dar 50 000","00 "," ADOP-car a.s",NA
" Advokátní kancelář Fritz s.r.o."," Holešov 8929017  peněžitý dar 50 000","00. © "," Advokátní kancelář Fritz s.r.o.",NA
" Advokátní kancelář Fritz s.r.o."," Holešov 8929017  peněžitý dar 125 000","00 "," Advokátní kancelář Fritz s.r.o.",NA
" AGRO Blatná a.s."," Lnáře  48202479  peněžitý dar 50 000","00 "," AGRO Blatná a.s.",NA
" Anděl"," Jiří"," Děčín 2 - Nové Město  13.02.1958  peněžitý dar 5 700","00 ",NA
" Anděl"," Jiří"," Děčín 2 - Nové Město  13.02.1958  peněžitý dar 12.500","00. © ",NA
" Andrš"," Radek"," Rumburk  06.07.1969  peněžitý dar 200","00 ",NA
" Andrš"," Tomáš"," Krnov    26.06.1984 —— peněžitý dar 1 000","00 —",NA
" ANOAR PRAGUE spol. s r.o."," Praha 5- Smíchov —45795916.—— peněžitý dar20000","00.——©"," ANOAR PRAGUE spol. s r.o.",NA
" ANOAR PRAGUE spol. s r.o."," Praha 5 - Smíchov  45795916  peněžitý dar 30 000","00 "," ANOAR PRAGUE spol. s r.o.",NA
" ARMEX OIl"," s.r.o."," Děčín VI  25403460  peněžitý dar 50 000","00 ",NA
" Amold"," Martin"," České Budějovice  15.03.1984  peněžitý dar 1 979","00 ",NA
"© AUTOR Roubíček s.r.o."," Mělník  25735683  peněžitý dar 100 000","00.——©","© AUTOR Roubíček s.r.o.",NA
" Babiš"," Andrej"," Průhonice  02.09.1954  peněžitý dar 69 400","00 ",NA
" Babišová"," Andrea"," Bohumín  17.04.1972  peněžitý dar 54 100","00. ©",NA
" Babka"," Ondřej"," Husinec  22.02.1994 peněžitý dar 49 400","00",NA
" Bajer"," Martin"," Čelákovice 15.06.1974. peněžitý dar 900","00",NA
" Bajgarová"," Zuzana"," Ostrava (17.12.1983.  peněžitý dar 24 400","00",NA
" Baláková"," Jitka"," Jablonec nad Nisou  22.09.1970  peněžitý dar 10.000","00. © ",NA
" Balašová"," Renáta"," Liberec  03.11.1975 peněžitý dar 7 253","00 ",NA
" Balaštíková"," Margita"," Tupesy  16.09.1967 peněžitý dar 78 800","00 ",NA
" Bank"," Karel"," Bludov  13.07.1959 peněžitý dar 200","00 ",NA
" Baráková"," Jitka"," Bruntál  20.12.1961  peněžitý dar 300","00 ",NA
" Baránek"," Ondřej"," Havířov  26.06.1980  peněžitý dar 22 000","00 ",NA
" Baránková Vilámová"," Lucie"," Ostrava-Poruba  14.02.1984 peněžitý dar 34 700","00",NA
" Baran"," Roman"," Nová Ves. © 11.10.1964 n 764000."," Baran",NA
" Bareš"," Alexandr"," Hradec nad Moravicí —©—©——— (20.01.1981.  peněžitýdar600"," Bareš",NA
".—- Alskanar l Tao = Deněžiý da S94 00 k",".—- Alskanar l Tao = Deněžiý da S94 00 k",".—- Alskanar l Tao = Deněžiý da S94 00 k",".—- Alskanar l Tao = Deněžiý da S94 00 k",NA
" Bareš"," Zdeněk"," Hradec nad Moravicí  09.08.1952 peněžitý dar 600","00",NA
"aa Dalibor. Opav G n BET —————. = rá ","aa Dalibor. Opav G n BET —————. = rá ","aa Dalibor. Opav G n BET —————. = rá ","aa Dalibor. Opav G n BET —————. = rá ",NA
"p — svrováka = am  penězi! za 1000000 ","p — svrováka = am  penězi! za 1000000 ","p — svrováka = am  penězi! za 1000000 ","p — svrováka = am  penězi! za 1000000 ",NA
" Barták"," Martin"," Plzeň 4  14.05.1978 peněžitý dar 5 500","00 ",NA
" Bartáková"," Eliška"," Plzeň 8 - Černice  13.08.1957 peněžitý dar 25 600","00 ",NA
" atipnová"," Zona a anroon Jenězín ar 9 40000. -"," atipnová"," Zona a anroon Jenězín ar 9 40000. -",NA
" Bazelová"," Jana"," Zlín  05.02.1969  peněžitý dar 2 500","00.",NA
"OTN M Ť 59 09 1088 —azazný dar 500000.","OTN M Ť 59 09 1088 —azazný dar 500000.","OTN M Ť 59 09 1088 —azazný dar 500000.","OTN M Ť 59 09 1088 —azazný dar 500000.",NA
"k mean 0 T ozezný nar 5: T","k mean 0 T ozezný nar 5: T","k mean 0 T ozezný nar 5: T","k mean 0 T ozezný nar 5: T",NA
"[Rodná Marin ora n OYUT TT a TT RN","[Rodná Marin ora n OYUT TT a TT RN","[Rodná Marin ora n OYUT TT a TT RN","[Rodná Marin ora n OYUT TT a TT RN",NA
" Bělica"," Josef"," Havířov (16.07.1978 peněžitý dar 69 448","00",NA
" Bělica"," Josef"," Havířov  16.07.1978 peněžitý dar 50 000","00",NA
" Bělík"," Radomír"," Bruzovice (05.10.1988 peněžitý dar 2 907","00",NA
" Beneš"," Martin"," Ústí nad Labem 23.02.1971 peněžitý dar  453","00 ",NA
" Beneš"," Martin"," Ústí nad Labem  23.02.1971 peněžitý dar  453","00 ",NA
" Beneš"," Tomáš"," Benešov  19.08.1969 peněžitý dar  900","00 ",NA
" Benkovič"," Martin"," Praha © 0 115.08.1989.———  peněžitý dar9630","00.———",NA
"Z aan]","Z aan]","Z aan]","Z aan]",NA
" Berka"," Jaroslav"," České Budějovice © 04.07.1973.  peněžitýdar8 82400."," Berka",NA
" Berkovcová"," Jana"," Nové Město nad Metují  24.10.1969 peněžitý dar 30 000","00",NA
" Berkovec"," Stanislav"," Slaný  31.05.1955 peněžitý dar 49 600","00 ",NA
" BETESTOMED s.r.o."," Těrlicko - Horní Těrlicko  3619702  peněžitý dar 600","00 "," BETESTOMED s.r.o.",NA
" Bezděk"," Robert"," Kladno  01.05.1964  peněžitý dar 50 000","00 ",NA
" Bezděk"," Robert"," Kladno  01.05.1964  peněžitý dar 34400","00. © ",NA
" Bílek"," Václav"," Praha 10 (10.12.1967  peněžitý dar 55 000","00",NA
" Binder"," Svatopluk"," Olomouc  18.05.1978 peněžitý dar 17 662","00",NA
" Binder"," Svatopluk"," Olomouc ©  18.05.1978. peněžitý dar552","00.-———",NA
" Bis"," Martin"," Ostrava - Poruba © (20.01.1969.  peněžitý dar 7600","00.-——",NA
" Bizoňová"," Jaroslava"," Mimoň © (28.03.1970.  peněžitý dar 240000."," Bizoňová",NA
" Bláha"," Jiří"," Liberec  26.08.1961  peněžitý dar 50 000","00",NA
" Bláhová"," Kamila"," Litvínov  07.06.1976 peněžitý dar 17 400","00",NA
" Blažej"," Drahomír"," Čáslav  04.03.1962"," Blažej",NA
" Blažej"," Drahomír"," Čáslav  04.03.1962 peněžitý dar 20 000","00",NA
" Blažej"," Pavel"," Háj ve Slezsku - Lhota  01.08.1970"," Blažej",NA
" Blažek"," Jidřich"," Plzeň 2  05.10.1986  peněžitý dar 14 400","00 ",NA
" Blažková"," Irena"," Vranovice-Kelčice  06.05.1969  peněžitý dar 20 000","00 ",NA
"P an om = —— = == ","P an om = —— = == ","P an om = —— = == ","P an om = —— = == ",NA
" Borůvka"," Jan"," Dolany [17.04.1968 peněžitý dar 14400","00 ",NA
" Bouda"," Antonín"," Opava (23.06.1947  peněžitý dar 4 125","00 ",NA
" Bouzová"," Daniela"," Karlovy Vary  25.02.1972 i peněžitý dar 6 700","00 ",NA
"n ov Van PAB ooo 3 Si 01 = = mm m -m ne","n ov Van PAB ooo 3 Si 01 = = mm m -m ne","n ov Van PAB ooo 3 Si 01 = = mm m -m ne","n ov Van PAB ooo 3 Si 01 = = mm m -m ne",NA
"ŠTVE pre r -— Í eT=T7= i — == Tv lí","ŠTVE pre r -— Í eT=T7= i — == Tv lí","ŠTVE pre r -— Í eT=T7= i — == Tv lí","ŠTVE pre r -— Í eT=T7= i — == Tv lí",NA
"T o .— NOŘONN NNN o TOT N00 penězný dar 1 125.00 =","T o .— NOŘONN NNN o TOT N00 penězný dar 1 125.00 =","T o .— NOŘONN NNN o TOT N00 penězný dar 1 125.00 =","T o .— NOŘONN NNN o TOT N00 penězný dar 1 125.00 =",NA
"Brázdil"," Milan"," Olomouc 05.11.1962  peněžitý dar 67 934","00",NA
"Breitkopfová"," Lenka"," Hlučín  05.04.1973","Breitkopfová",NA
"© Brodová"," Petra"," Ostrava - Poruba  26.06.1975","© Brodová",NA
" Brojír"," Oldřich"," Praha  18.12.1982"," Brojír",NA
" Brožíková"," Zorka"," Příbram  15.03.1952 peněžitý dar 7 580","00",NA
"[NTM 051966 z B B TY T008 PON 0","[NTM 051966 z B B TY T008 PON 0","[NTM 051966 z B B TY T008 PON 0","[NTM 051966 z B B TY T008 PON 0",NA
"A Lawne ia5  TT aaiškE : = . 20000 =","A Lawne ia5  TT aaiškE : = . 20000 =","A Lawne ia5  TT aaiškE : = . 20000 =","A Lawne ia5  TT aaiškE : = . 20000 =",NA
"Brož"," Lubomír Praha © -  —— M py m","Brož"," Lubomír Praha © -  —— M py m",NA
" Brož"," Martin"," Česká Lípa  04.08.1976"," Brož",NA
" Brožová Lampertová"," Jarosiava"," Velká Hleďsebe  03.04.1954"," Brožová Lampertová",NA
" Brunzová"," Lenka"," Bílina  20.08.1968"," Brunzová",NA
" Brusch"," Jiří"," Most  24.05.1956 peněžitý dar I 214","00",NA
" Brzobohatá"," Andrea"," Sluštice  09.06.1971"," Brzobohatá",NA
" Brzyszkowská"," Lenka"," Orlová  15.02.1976 peněžitý dar 14 701","00",NA
"a Tomí a = z  TST = =","a Tomí a = z  TST = =","a Tomí a = z  TST = =","a Tomí a = z  TST = =",NA
"Buchar"," Jiří Z oh ši  3103190 za =","Buchar"," Jiří Z oh ši  3103190 za =",NA
"Burda"," Vojtěch"," Prostějov © (17.06.1991.  peněžitýdar 523000.","Burda",NA
"Burda"," Vojtěch"," Prostějov (17.06.1991","Burda",NA
" Burdek"," Miroslav"," Chabařovice  24.07.1984"," Burdek",NA
" Buršík"," Martin"," Příbram  19.09.1978"," Buršík",NA
" Bušová"," Veronika"," Praha 14  11.02.1970"," Bušová",NA
" Bžoch"," Jaroslav"," měslice  30.11.1983"," Bžoch",NA
" Carbolová"," Jitka"," Praha 21  05.05.1965 peněžitý dar 600","00",NA
" Cieslar"," Miloš"," Pisek m  18.02.1952 a peněžitý dar 5 000","00 -—",NA
" Cihlář"," Jakub"," Vítkov © 0 701.09.1987  peněžitý dar 1 500","00.",NA
" COMMIA s.r.o."," Praha  © 28470012 peněžitý dar 100 000","00."," COMMIA s.r.o.",NA
" CZ POINT"," s.r.o."," PARDUBICE V- ZELENÉ  27521231"," CZ POINT",NA
"© PŘEDMĚSTÍ ","© PŘEDMĚSTÍ ","© PŘEDMĚSTÍ ","© PŘEDMĚSTÍ ",NA
" Čapek"," Marian"," Varnsdrof  29.02.1976"," Čapek",NA
" Čapek"," Marian"," Varnsdrof  29.02.1976"," Čapek",NA
" Čech"," Jaroslav"," Harrachov  30.01.1958"," Čech",NA
" Čech"," Martin"," Rapotín  16.12.1982 peněžitý dar 1 000","00",NA
"Čech"," Martin"," Rapotín  16.12.1982 peněžitý dar I 000","00",NA
"m n m","m n m","m n m","m n m",NA
" Čermáková"," Markéta"," Dobříš  13.08.1969 peněžitý dar 200","00",NA
" Černá"," Anežka"," Unhošť  11.06.1952"," Černá",NA
" Černíková"," Pavlína"," Pardubice  06.09.1973"," Černíková",NA
"č l .-— RETES 406 ň NESLEDC = l OM jm","č l .-— RETES 406 ň NESLEDC = l OM jm","č l .-— RETES 406 ň NESLEDC = l OM jm","č l .-— RETES 406 ň NESLEDC = l OM jm",NA
"Černý"," Libor"," Nové Město na Moravě © (20.08.1968. peněžitý dar 100000","00.——©",NA
"[čamý"," Martin Nové Město aMomé —— 1610.1965 pa ši T jd","[čamý"," Martin Nové Město aMomé —— 1610.1965 pa ši T jd",NA
" Červený"," Andrej"," Blovice  28.11.1978  peněžitý dar 800","00",NA
" Červený"," Andrej"," Blovice  28.11.1978  peněžitý dar 25 000","00",NA
" Červíčková"," Monika"," Praha 4  09.02.1967"," Červíčková",NA
" Čiaková"," Taťána"," Český Těšín  07.11.1962"," Čiaková",NA
" Daniel"," Lukáš"," Javorník  27.05.1980 peněžitý dar 600","00",NA
"name"," ""m8 a ana . a še me n... i","name"," ""m8 a ana . a še me n... i",NA
" Ddcšsk"," Jaromte == ——— na"" p RT = STO NÍ"," Ddcšsk"," Jaromte == ——— na"" p RT = STO NÍ",NA
"[ Dedoček"," Jarom ee me . penny pem 00000 Ml","[ Dedoček"," Jarom ee me . penny pem 00000 Ml",NA
" Dědek"," Petr"," Vrchlabí 228021974. peněžitý dar 1500000","00.——©",NA
" Dědek"," Petr"," Vrchlabí  28.02.1974"," Dědek",NA
" Deusová"," Daniela"," Lovosice  13.12.1967"," Deusová",NA
" Dobeš"," Jarmil"," Valašské Meziříčí  21.09.1952"," Dobeš",NA
" Dobešová"," Ivana"," Votice  12.07.1960"," Dobešová",NA
" Dobosz"," Jakub"," Havířov  06.08.1985"," Dobosz",NA
" Doležalová"," Zdeňka"," Holešov 25.11.1965 peněžitý dar 30 000","00",NA
" Doležel"," Zbyněk"," Prostějov 05.03.1981 peněžitý dar 100 000","00",NA
" Dostal"," Jan"," Havířov 14.10.1988 I peněžitý dar 9 000","00 m",NA
"Dostálová"," Klára"," Hořice  13.03.1971","Dostálová",NA
" Dostálová"," Klára"," Hořice 13.03.1971"," Dostálová",NA
" Drábek"," Michal"," Praha 5  15.05.1960"," Drábek",NA
" Draškovičová"," Danuše"," Kladno  13.01.1948"," Draškovičová",NA
"Draxler"," Martin"," Kladno  31.03.1967","Draxler",NA
"„Dražilová"," Lenka"," Blansko  13091%3  peněžitý dar12 60000","„Dražilová",NA
" Dražilová"," Lenka"," Blansko 13.09.1963 peněžitý dar 49 400","00",NA
" Ducháčková"," Radka"," Tanvald © 24.04.1964  peněžitý dar 800","00",NA
" Durec"," Marcel"," Vítkov o peněžitý dar 42","00",NA
" Dušek"," Martin"," Karlovy Vary (17.11.1972"," Dušek",NA
" Dvořák"," Pavel"," Praha 9  12.01.1965"," Dvořák",NA
" Džanaj"," Martin"," Vřesina  10.08.1983"," Džanaj",NA
" EFIOS stavební s.r.o."," Valašské Meziříčí  2360641"," EFIOS stavební s.r.o."," Valašské Meziříčí  2360641",NA
" Eibl"," Miroslav"," Bílina  14.04.1980"," Eibl",NA
" EKO-KONZULTA spol. s r.o."," Brno - Jundrov © 60723025"," EKO-KONZULTA spol. s r.o."," Brno - Jundrov © 60723025",NA
" EKO-KONZULTA spol. s r.o."," Brno - Jundrov  60723025 peněžitý dar 20 000","00"," EKO-KONZULTA spol. s r.o.",NA
" EKO-KONZULTA spol. s r.o."," Brno - Jundrov 60723025  peměžitý dar 50 000","00"," EKO-KONZULTA spol. s r.o.",NA
" EL IKAR Kbel s.r.o."," Benátky nad Jizerou © (28944135  peněžitý dar 75000","00"," EL IKAR Kbel s.r.o.",NA
" EL IKAR Kbel S.r.0."," Benátky nad Jizerou  28944135"," EL IKAR Kbel S.r.0."," Benátky nad Jizerou  28944135",NA
" EL IKAR Kbel s.r.o."," Benátky nad Jizerou  28944135"," EL IKAR Kbel s.r.o."," Benátky nad Jizerou  28944135",NA
"V R Z E TRUVKVR I","V R Z E TRUVKVR I","V R Z E TRUVKVR I","V R Z E TRUVKVR I",NA
"mm n loan","mm n loan","mm n loan","mm n loan",NA
" ralýnek mos Pr Tanaa2 ně dr s9a0000 1"," ralýnek mos Pr Tanaa2 ně dr s9a0000 1"," ralýnek mos Pr Tanaa2 ně dr s9a0000 1"," ralýnek mos Pr Tanaa2 ně dr s9a0000 1",NA
"T ETC7700— TON  Z E ar 780","T ETC7700— TON  Z E ar 780","T ETC7700— TON  Z E ar 780","T ETC7700— TON  Z E ar 780",NA
" Farhan"," Kamal"," Plzeň 29.01.1969 peněžitý dar 85 000","00 ",NA
" Feber"," Ondřej"," Stonava  19.12.1951 peněžitý dar 150 000","00 ",NA
" Fedoriška"," Jiří"," Litvínov (06.01.1972"," Fedoriška",NA
" Feierfeil"," Ladislav"," Meclov 27.06.1950 peněžitý dar 25 000","00",NA
"O (O T NÍ","O (O T NÍ","O (O T NÍ","O (O T NÍ",NA
"TN CONAN (TA (T T","TN CONAN (TA (T T","TN CONAN (TA (T T","TN CONAN (TA (T T",NA
"ne mm rom","ne mm rom","ne mm rom","ne mm rom",NA
"n ee S T PETKT TMM","n ee S T PETKT TMM","n ee S T PETKT TMM","n ee S T PETKT TMM",NA
" Filipenský"," Petr"," Brno  18.07.1972"," Filipenský",NA
" Firma A. Tvrdík - založeno 1885 a.s"," Praha 1  538302"," Firma A. Tvrdík - založeno 1885 a.s"," Praha 1  538302",NA
" Fischerová"," Romana"," Lysá nad Labem  18.03.1969"," Fischerová",NA
" Fišer"," Michal"," Praha (13.12.1983 peněžitý dar 18 678","00",NA
" Fišer"," Petr"," Plzeň © A 0 704.04.1973.  peněžitý dar 100000","00.——",NA
" Franěk"," Pavel"," Třebíč  27.12.1962 peněžitý dar 34 400","00",NA
"K0 11 TON","K0 11 TON","K0 11 TON","K0 11 TON",NA
" Fridrich"," Stanislav"," Dobrá  25.12.1956"," Fridrich",NA
" Fridrich"," Stanislav"," Dobrá  25.12.1956"," Fridrich",NA
" Fris"," Miroslav"," Vlašim  12.04.1980"," Fris",NA
" Frýbertová"," Marta"," Příbram  04.09.1951"," Frýbertová",NA
" Fůsová"," Helena"," Lenešice  25.11.1962"," Fůsová",NA
" Gabrielová"," Adriena"," Nymburk  09.06.1973"," Gabrielová",NA
" Gabrielová"," Adriena"," Nymburk  09.06.1973 peněžitý dar 200","00",NA
" Garlík"," Bohumír"," Phat 20.03.1943 peněžitý dar9 50000."," Garlík",NA
" Gaube"," Michal"," Praha7 (17.03.1968.  peněžitý dar25000","00.-——",NA
" Gebauerová"," Žaneta"," Karviná-Ráj 06.03.1981.  peněžitý dar 400","00.",NA
" Gelbič"," Jiří"," Hradec Králové  24.05.1948"," Gelbič",NA
" GEMA MB"," s.r.o."," Mladá Boleslav  61681679"," GEMA MB",NA
" GEMA MB"," s.r.o."," Mladá Boleslav 61681679"," GEMA MB",NA
" GEMA MB"," s.r.o."," Mladá Boleslav  61681679"," GEMA MB",NA
" GEMA MB"," s.r.o."," Mladá Boleslav  61681679"," GEMA MB",NA
" Gemela"," Tomáš"," Ostrava  20.10.1975"," Gemela",NA
" Georgiu"," Iva"," Havířov  14.04.1965 peněžitý dar 19 000","00",NA
" Gloser"," Radim"," Ústí nad Labem ©  30.10.1965.————  peněžitýdar3 77900."," Gloser",NA
"OTT NN T TT","OTT NN T TT","OTT NN T TT","OTT NN T TT",NA
" Goláňová"," Jana"," Zábřeh  18.06.1965 peněžitý dar 1 147","00",NA
" Gola"," Vlastimil"," Plzeň  20.01 m"," Gola",NA
"(Gorecká"," Stanislava. Havířov M no E x © 000.00 .","(Gorecká"," Stanislava. Havířov M no E x © 000.00 .","(Gorecká"
" Grabein Procházka"," Karel"," Praha   21.01.1960 peněžitý dar 8 100","00"," Grabein Procházka"
" Grabein Procházka"," Karel"," Praha (21.01.1960 peněžitý dar 8 100","00.©©©"," Grabein Procházka"
" Groh"," Jan"," Hradec Králové  17.05.1979 peněžitý dar 12 783","00"," Groh"
" Grucmanová"," Daniela"," Ludgeřovice  31.12.1966 peněžitý dar 200","00"," Grucmanová"
" Grunská"," Eva"," Husinec  09.12.1952 peněžitý dar  800","00 "," Grunská"
" H+K stavitelství s.r.o."," Zubří  29441820 peněžitý dar 100 000","00 "," H+K stavitelství s.r.o."," Zubří  29441820 peněžitý dar 100 000"
" Haas"," Miroslav"," Bílina  18.07.1979 peněžitý dar 500","00 "," Haas"
"[ájek"," David"," = : KN TOTO eněžiý dar 100000","[ájek"," David"
" Hájek"," Josef"," Orlová - Lutyně  03.07.1956 peněžitý dar 59 800","00 "," Hájek"
" Hájek"," Vád or m :  ný a peněžiý dar 100090. "," Hájek"," Vád or m :  ný a peněžiý dar 100090. "," Hájek"
" Hájek"," Václav"," Kolín  31.01.1957 peněžitý dar 200","00 "," Hájek"
" Halfarová"," Karin"," Ostrava - Poruba 31.03","1992 peněžitý dar 8 600","00 "
" Halfarová"," Kateřina"," Praha 8  18.05.1977"," Halfarová"," Kateřina"
" Hamousová"," Zdeňka"," Žatec  08.06.1961"," Hamousová"," Zdeňka"
" Hanáčík"," Richard"," Ostrava - Poruba  21.05.1985"," Hanáčík"," Richard"
"Hantschová"," Ivana"," Hradec Králové 23.11.1967 peněžitý dar 20 000","00","Hantschová"
"E Ivana"," Hradec Králové © l peněžitý dar 90 000","00.——©","E Ivana"," Hradec Králové © l peněžitý dar 90 000"
" Hanusová"," Jana"," Praha Suchdol [29.05.1964  peměžitý dar2 856","00."," Hanusová"
" Hanzalová"," Petra"," Hřivice  21.02.1974"," Hanzalová"," Petra"
"Hanzlík"," Lubomír"," Pardubice 9  16.07.1960","Hanzlík"," Lubomír"
"Hanzlíková"," Jana"," Pardubice 9  07.10.1966","Hanzlíková"," Jana"
"Hasík"," Tomáš"," Čáslav  02.02.1976","Hasík"," Tomáš"
" Haspeklo"," Jiří"," Benátky nad Jizerou  31.01.1958"," Haspeklo"," Jiří"
" Hausner"," Michal"," Plzeň  21.04.1981"," Hausner"," Michal"
" Havlíček"," Miroslav"," Praha 10  17.07.1971 peněžitý dar 200 000","00"," Havlíček"
" Havlík"," Vladimír"," Zaječov [22.08.1968  peněžitý dar 20000","00 ©"," Havlík"
" Havlík"," Vladimír"," Zaječov ©  22.08.1968.  peněžitý dar 2 400","00 ©"," Havlík"
" Hecsková"," Lucie"," Javomík © 02.05.1983.  peněžitý dar 1 147","00"," Hecsková"
" Hejl"," Tomáš"," Brno  01.04.1986"," Hejl"," Tomáš"
" Hejna"," Roman"," Česká Lípa  13.05.1965"," Hejna"," Roman"
" Hejný"," Radek"," Pardubice  23.05.1966"," Hejný"," Radek"
" Hejrovská"," Aneta"," Praha 14  09.05.1992"," Hejrovská"," Aneta"
" Hejtmánek"," Josef"," Jablonec nad Nisou - Kokonín  23.02.1987"," Hejtmánek"," Josef"
" Hejtmánek"," Josef"," Jablonec nad Nisou - Kokonín  23.02.1987"," Hejtmánek"," Josef"
" Hejtmánek"," Tomáš"," Plzeň  04.11.1986 peněžitý dar 5 200","00"," Hejtmánek"
" Helbich"," Jan"," Dvůr Králové nad Labem © (19.03.1967) peněžitýdar 10000000."," Helbich"," Jan"
" Helebrant"," Tomáš"," Dobříš © 02.01.1974.——— peněžitýdar 740000 ©"," Helebrant"," Tomáš"
" Henč"," Martin"," Bruntál  11.02.1966"," Henč"," Martin"
" Hendrych"," Igor"," Opava  19.11.1967"," Hendrych"," Igor"
"(700 oa K KATA TTC TÍ","(700 oa K KATA TTC TÍ","(700 oa K KATA TTC TÍ","(700 oa K KATA TTC TÍ",NA
"m Red mam aan Jomězkýdmom m","m Red mam aan Jomězkýdmom m","m Red mam aan Jomězkýdmom m","m Red mam aan Jomězkýdmom m",NA
"(0 NNO (7 1 TEST","(0 NNO (7 1 TEST","(0 NNO (7 1 TEST","(0 NNO (7 1 TEST",NA
" Herman"," Martin"," Kolín Ovčáry (02.12.1969 peněžitý dar 34 800","00 ",NA
" Herman"," Martin"," Kolín Ovčáry  02.12.1969 peněžitý dar 20 000","00 ",NA
" Hernych"," Jiří"," Lovosice  06.08.1952 peněžitý dar 1 600","00 ",NA
"KT TE T ITO","KT TE T ITO","KT TE T ITO","KT TE T ITO",NA
" Hlaváčová"," Petra"," Opava  20.06.1972 peněžitý dar 5 000","00 ",NA
"a ey ar ua“ —","a ey ar ua“ —","a ey ar ua“ —","a ey ar ua“ —",NA
"ine bast emk hana omězkýdmzm00","ine bast emk hana omězkýdmzm00","ine bast emk hana omězkýdmzm00","ine bast emk hana omězkýdmzm00",NA
"Co Ee ano 1 NT MN T","Co Ee ano 1 NT MN T","Co Ee ano 1 NT MN T","Co Ee ano 1 NT MN T",NA
"ONO PITO RM. 1 NÍ (TT","ONO PITO RM. 1 NÍ (TT","ONO PITO RM. 1 NÍ (TT","ONO PITO RM. 1 NÍ (TT",NA
" Hnilička"," Milan"," Velká Dobrá 25.06.1973"," Hnilička",NA
" Hofer"," Radek"," Rapotín (14.08.1971"," Hofer",NA
" Hofmann"," Ondřej"," Rakovník  15.07.1985"," Hofmann",NA
" Holický"," Petr"," České Budějovice 22.11.1959"," Holický",NA
" Holický"," Petr"," České Budějovice  22.11.1959"," Holický",NA
" Holík"," Lukáš"," Boskovice  23.03.1986 peněžitý dar 75 000","00",NA
"TT 1019 TT","TT 1019 TT","TT 1019 TT","TT 1019 TT",NA
"m oak aw om aeam","m oak aw om aeam","m oak aw om aeam","m oak aw om aeam",NA
" Holková"," Lenka"," Ostrava- Výškovice 29.07.1977"," Holková",NA
" Holubová"," Miroslava"," Beroun  14.05.1967"," Holubová",NA
" Holuša"," Tomáš"," Šenov 27.11.1976"," Holuša",NA
" Homolová"," Jana"," Lobeček (13.01.1957"," Homolová",NA
" Horák"," Jiří"," Ústí nad Labem 09.11.1989"," Horák",NA
" Horák"," Jiří"," Ivančice  04.12.1958"," Horák",NA
" Horák"," Martin"," Praha 11 - Chodov  06.01.1972 peněžitý dar 12 000","00",NA
" Horáková"," Simona"," Opava  24.04.1973 peněžitý dar 1 900","00",NA
"NÍ (T Z","NÍ (T Z","NÍ (T Z","NÍ (T Z",NA
"Horčička"," Leoš"," Cheb  26.04.1965","Horčička",NA
" Horník"," Filip"," Ostrava (15.07.1994"," Horník",NA
" Hořánek"," Jiří"," Písek  13.05.1953"," Hořánek",NA
" Hořínek"," Radovan"," Frýdek - Místek  30.05.1974"," Hořínek",NA
"Hostek"," Jakub"," Benešov 16.01.1984","Hostek",NA
"Hostek"," Jakub"," Benešov  16.01.1984 peněžitý dar 4 200","00",NA
" Hoždora"," Martin"," Šumperk. © (10.02.1978.  peněžitýdar3 14700. "," Hoždora",NA
" Hrabáč"," Marek"," Chomutov  01.03.1973"," Hrabáč",NA
" Hrabáč"," Marek"," Chomutov 01.03.1973"," Hrabáč",NA
"(rabáč. M arek Chomutov m ——  ji  . 031975 T peněžiný dar 20 00000 ]","(rabáč. M arek Chomutov m ——  ji  . 031975 T peněžiný dar 20 00000 ]","(rabáč. M arek Chomutov m ——  ji  . 031975 T peněžiný dar 20 00000 ]","(rabáč. M arek Chomutov m ——  ji  . 031975 T peněžiný dar 20 00000 ]","(rabáč. M arek Chomutov m ——  ji  . 031975 T peněžiný dar 20 00000 ]"
" Hrabáč"," Marek"," Chomutov -01.03.1973  peněžitý dar 18 000","00 "," Hrabáč"
" mI r. m- - p m m 3 k GIT o"," mI r. m- - p m m 3 k GIT o"," mI r. m- - p m m 3 k GIT o"," mI r. m- - p m m 3 k GIT o"," mI r. m- - p m m 3 k GIT o"
"Hrabal"," Jan"," Pardubice  01.06.1983  peněžitý dar: 30 000","00. ","Hrabal"
" Hrdlička"," Jaroslav"," Karlovy Vary"," Stará Role 10.08.1960  peněžitý dar 13 466","00 "
" Hrkal"," Zdeněk"," Cheb (22.04.1958  peněžitý dar 1 705","00 "," Hrkal"
" Hrkal"," Zdeněk"," Cheb  22.04.1958  peněžitý dar 400","00 "," Hrkal"
" Hrubčík"," Martin"," Praha 9  29.09.1973 peněžitý dar 11 343","00 "," Hrubčík"
"Hrušková"," Vladimíra"," České Budějovice Ta PETS „m  peněžiný dara 30000","Hrušková"," Vladimíra"
"Hrůza"," Miloš"," Třebíč  02.03.1965  peněžitý dar 13300","00.—©——©","Hrůza"
" Hryzbilová"," Monika"," Hněvotín  29.07.1986  peněžitý dar 10 500","00 "," Hryzbilová"
" Hryzbilová"," Monika"," Hněvotín  29.07.1986  peněžitý dar 20 000","00 "," Hryzbilová"
" Hudec"," Bohuslav"," Rapotín  25.09.1987  peněžitý dar 20 000","00"," Hudec"
" Hudzietzová"," Iveta"," Karviná - Hranice ©3101. ot TT"," Hudzietzová"," Iveta"
" Hýbler"," Petr"," Hrušovany u Brna  08.04.1978 peněžitý dar 150 000","00 "," Hýbler"
"ag Mari Ramba 00 ITX KTV NN  poněžný dar 338100","ag Mari Ramba 00 ITX KTV NN  poněžný dar 338100","ag Mari Ramba 00 ITX KTV NN  poněžný dar 338100","ag Mari Ramba 00 ITX KTV NN  poněžný dar 338100","ag Mari Ramba 00 ITX KTV NN  poněžný dar 338100"
" Charvát"," Martin"," Pardubice  07.02.1973  peněžitý dar 30 000","00 "," Charvát"
" Charvát"," Martin"," Pardubice (07.02.1973  peněžitý dar 50 000","00. © "," Charvát"
" Chládek"," Vlastimil"," Brno (07.07.1981  peněžitý dar 15 000","00 "," Chládek"
" Chlopecký"," Jakub"," Havířov  18.10.1989  peněžitý dar 20 000","00 "," Chlopecký"
" Chlubný"," Jiří"," Brno  20.06.1970  peněžitý dar 20 000","00 "," Chlubný"
" Chmelík"," Jiří"," Pardubice  01.05.1983  peněžitý dar 2 300","00 "," Chmelík"
" Chmelová Holbová"," Miriam"," Zlín  19.03.1982  peněžitý dar 6 687","00"," Chmelová Holbová"
" Crakováková"," Sida TA B mě da 0000"," Crakováková"," Sida TA B mě da 0000"," Crakováková"
"-m 3 o zrno —","-m 3 o zrno —","-m 3 o zrno —","-m 3 o zrno —","-m 3 o zrno —"
" Chroust"," Slavomír"," Ústí nad Labem - Město  24.01.1978  peněžitý dar 2 981","00"," Chroust"
" Chvojka"," Jiří"," Kladno -Dubí © 30.04.1954  peněžitý dar 32 405","00"," Chvojka"
" Chvojka"," Milan"," Nasavrky  12.12.1965  peněžitý dar 15 000","00 "," Chvojka"
" Chvojka"," Milan"," Nasavrky  12.12.1965  peněžitý dar 30 000","00 "," Chvojka"
" Indrák"," Miroslav"," Krnov ( 30.09.1974  peněžitý dar 2 000","00 "," Indrák"
" INSIA Hold s.r.o."," Praha   28329309  peněžitý dar 9 849","00 "," INSIA Hold s.r.o."," Praha   28329309  peněžitý dar 9 849"
" INSIA Hold s.r.o."," Praha 1  28329309  peněžitý dar 19 000","00 "," INSIA Hold s.r.o."," Praha 1  28329309  peněžitý dar 19 000"
"INSTA Hold s.r.o."," Praha 1  28329309 peněžitý dar 19 000","00","INSTA Hold s.r.o."," Praha 1  28329309 peněžitý dar 19 000"
" Jáč"," Ivan"," Všelibice  Tr eh dar 50 000","00 © "," Jáč"
" Jahoda"," Martin"," Jablonec nad Nisou  28.02.1986 peněžitý dar 2 000","00 "," Jahoda"
"Tam Mpa Kv Taasoně © Poměiý ar 190000","Tam Mpa Kv Taasoně © Poměiý ar 190000","Tam Mpa Kv Taasoně © Poměiý ar 190000","Tam Mpa Kv Taasoně © Poměiý ar 190000",NA
"= v NE 7771 TT","= v NE 7771 TT","= v NE 7771 TT","= v NE 7771 TT",NA
"O a O","O a O","O a O","O a O",NA
"Tad"," Věra Chlum u mdmě E OT TOTO","Tad"," Věra Chlum u mdmě E OT TOTO",NA
"Jandák"," Vítězslav"," Chlum u Třeboně © (03.08.1947  peněžitý dar 100000","00.——©",NA
" Jandora"," Bronislav"," Pohořelice  15.11.1961  peněžitý dar 4 000","00 ",NA
" Janiczek"," Vlastimil"," Návsí  02.01.1972  peněžitý dar 50 000","00 ",NA
" Janíček"," Martin"," Šumperk  22.07.1973  peněžitý dar 2 775","00 ",NA
"pon Z  TT —","pon Z  TT —","pon Z  TT —","pon Z  TT —",NA
"amouková"," Verona Bin 000 O om ","amouková"," Verona Bin 000 O om ",NA
"DT Pa TT —","DT Pa TT —","DT Pa TT —","DT Pa TT —",NA
" Janulík"," Miloslav"," Valtice  21.09.1962  peněžitý dar 5 000","00 ",NA
" Janulík"," Miloslav"," Valtice  21.09.1962  peněžitý dar 5 000","00 ",NA
" Janulík"," Miloslav"," Valtice  21.09.1962  peněžitý dar 5 000","00 ",NA
" Janulík"," Miloslav"," Valtice  21.09.1962  peněžitý dar 5 000","00.",NA
" Janulík"," Miloslav"," Valtice  21.09.1962  peněžitý dar 5 000","00. © ",NA
" Janulík"," Miloslav"," Valtice  21.09.1962  peněžitý dar 5 000","00 ",NA
" Janulík"," Miloslav"," Valtice 21.09.1962  peněžitý dar 5 000","00 ",NA
"KT n B o E117 T NÍ","KT n B o E117 T NÍ","KT n B o E117 T NÍ","KT n B o E117 T NÍ",NA
" Janulík"," Miloslav"," Valtice  21.09.1962  peněžitý dar 5 000","00 ",NA
" Janulík"," Miloslav"," Valtice  21.09.1962  peněžitý dar 742","00 ",NA
" Janulík"," Miloslav"," Valtice  21.09.1962  peněžitý dar 5 000","00 ",NA
"Janulík"," Miloslav"," Valtice ( 21.09.1962  peněžitý dar 5 000","00 ",NA
"Janulík"," Miloslav"," Valtice  21.09.1962  peněžitý dar 5 000","00 ",NA
"Jarolím"," Jan"," Dvůr Králové nad Labem 12.09.1974  peněžitý dar 10 800","00",NA
"Javorský"," Pavel"," Sušice (01.07.1967  peněžitý dar 100 000","00",NA
"FTA AE K U OTS nač pro","FTA AE K U OTS nač pro","FTA AE K U OTS nač pro","FTA AE K U OTS nač pro",NA
"Jedlička"," Oldřich"," Žamberk  24.06.1967——  peněžitý dar 3000000.","Jedlička",NA
"K o T i","K o T i","K o T i","K o T i",NA
" Jenčmionková"," Petra"," Orlová -—  22.10.1983  peněžitý dar 1 870","00",NA
" Jiříček"," Zdeněk"," Hlučín  06.03.1969"," Jiříček",NA
" Jiříček"," Zdeněk"," Hlučín  06.03.1969 peněžitý dar 50 000","00.",NA
" Jiřičková"," Alexandra"," Dvůr Králové nad Labem ©  09.09.1973 peněžitý dar 7 000","00",NA
" Jobek"," František"," Příbram 07.03.1958  peněžitý dar 6 000","00",NA
" Jourová"," Věra"," Praha 10 - Strašnice 18.08.1964  peněžitý dar 149 400","00",NA
" Juchelka"," Aleš"," OStřavá - Moravská Ostrava  18.04.1976 peněžitý dar 54 700","00",NA
"(a 77T TT TT","(a 77T TT TT","(a 77T TT TT","(a 77T TT TT",NA
"P ROE Pro —— a TRA","P ROE Pro —— a TRA","P ROE Pro —— a TRA","P ROE Pro —— a TRA",NA
" Jurenová"," Lenka"," Svitavy  12.06.1965 peněžitý dar 30 000","00",NA
" Jurenová"," Lenka"," Svitavy  12.06.1965  peněžitý dar 1 100","00",NA
"ová boa Baé 0 l6es Tpměaný aa 3000000 1","ová boa Baé 0 l6es Tpměaný aa 3000000 1","ová boa Baé 0 l6es Tpměaný aa 3000000 1","ová boa Baé 0 l6es Tpměaný aa 3000000 1",NA
"= so (OTO TYTO","= so (OTO TYTO","= so (OTO TYTO","= so (OTO TYTO",NA
"Sa k 0 a (5 TETO JN","Sa k 0 a (5 TETO JN","Sa k 0 a (5 TETO JN","Sa k 0 a (5 TETO JN",NA
" Kadera"," Jiří"," Velká Hledsebe 01.09.1949  peněžitý dar 50 000","00. © ",NA
" Kadlec"," Tomáš"," Kladno  07.04.1974  peněžitý dar 6 100","00 ",NA
" Kadula"," Tomáš"," Háj ve Slezsku - Lhota (27.03.1971  peněžitý dar 400","00 ",NA
"ETO O NN 1 ET","ETO O NN 1 ET","ETO O NN 1 ET","ETO O NN 1 ET",NA
" Kalátová"," Iva"," Rotava (1711196  peněžitý dar42 822","00. ",NA
"Kalina"," Petr"," Dobev  25.08.1972  peněžitý dar 150 000","00. ©",NA
" Kalina"," Petr"," Dobev [25.08.1972  peněžitý dar 7200000."," Kalina",NA
" Kalina"," Petr"," Dobev ©  25.08.1972  peněžitý dar 3 400","00.———©",NA
" Kalina"," Petr"," Dobev  25.08.1972  peněžitý dar 10 000","00 ",NA
" Kalous"," Adam"," Jeseník (06.10.1979  peněžitý dar 57521","00.——©",NA
" Kalus"," Radim"," Havířov - Podlesí (05.02.1971  peněžitý dar 3 500","00 ",NA
"Kania"," Jaroslav"," Opava  01.08.1959  peněžitý dar 75 000","00 ",NA
"= fav"," Opava 0 10108","1959  peněžitý dar 39400","00",NA
"i Kantor"," Roman"," Návsí  07.06.1970  peněžitý dar 2 600","00",NA
" Karásek"," Zdeněk"," Ostrava  30.03.1955 peněžitý dar 50 000","00.—©—©©",NA
" Karásek"," Zdeněk"," Ostrava  30.05.1955 peněžitý dar 8 500","00",NA
" Karban"," Petr"," Hořovice  01.02.1967 peněžitý dar 1 300","00 ",NA
" Karban"," Petr"," Hořovice (01.02.1967  peněžitý dar I 300","00 ",NA
" Karban"," Zbyněk"," Liberec 6  25.06.1970  peněžitý dar 25 000","00 ",NA
"kar an remaá dem 18001904  peněz dar 5000000","kar an remaá dem 18001904  peněz dar 5000000","kar an remaá dem 18001904  peněz dar 5000000","kar an remaá dem 18001904  peněz dar 5000000",NA
"AA T71E NNN TON T","AA T71E NNN TON T","AA T71E NNN TON T","AA T71E NNN TON T",NA
"TY TENRONNÍ  NN T C","TY TENRONNÍ  NN T C","TY TENRONNÍ  NN T C","TY TENRONNÍ  NN T C",NA
" Karen"," Igor"," Lysá nad Labem 29.01.1964. SET"," Karen",NA
"KRK VÍKO a 7","KRK VÍKO a 7","KRK VÍKO a 7","KRK VÍKO a 7",NA
" Kasal"," David"," Chrudim © (01.01.1969  peněžitý dar 71 945","00 ",NA
" Kašická"," Renata"," Praha 2 (01.06.1978  peněžitý dar 9 800","00 ",NA
" Kašparová"," Jaroslava"," Liberec  04.08.1955  peněžitý dar 8 080","00.",NA
" Kaštovký"," Marcel"," Jindřichův Hradec  13.09.1978  peněžitý dar 20 000","00",NA
" Kaufmann"," Marie"," Městec Králové  16.05.1959  peněžitý dar 24 400","00 ",NA
" Kesidis"," Tanasis"," Brno  15.04.1964  peněžitý dar 20 000","00 © ",NA
"Kilbergerová"," Jana"," České Budějovice 28.06.1976 peněžitý dar 3 332","00.",NA
"KM 1 1 7 TO","KM 1 1 7 TO","KM 1 1 7 TO","KM 1 1 7 TO",NA
"(E prom (7100 NM (T TT","(E prom (7100 NM (T TT","(E prom (7100 NM (T TT","(E prom (7100 NM (T TT",NA
" Kirbs"," Tomáš"," Ústí nad Labem (09.01.1985  peněžitý dar 20 000","00 © ",NA
" Kirbs"," Tomáš"," Ústí nad Labem 09.01.1985  peněžitý dar 2 500","00. © ",NA
"————— -l l..","————— -l l..","————— -l l..","————— -l l..",NA
"mé sirka lo Tyměý dr 57000","mé sirka lo Tyměý dr 57000","mé sirka lo Tyměý dr 57000","mé sirka lo Tyměý dr 57000",NA
"TK ONO 17 NN TT","TK ONO 17 NN TT","TK ONO 17 NN TT","TK ONO 17 NN TT",NA
"Klimeš"," Jan"," Štěpánovice ( 22.09.1973 peněžitý dar 15 000","00 ",NA
" Klimešová"," Valentýna"," Chomutov I 2.07.1959  peněžitý dar462600.— "," Klimešová",NA
" Klímková"," Radka"," Ostrava  13.09.1981  peněžitý dar 7 100","00 ",NA
" Klučka"," Ondřej"," Ludgeřovice (26.02.1989  peněžitý dar 200","00 ",NA
". Knížek"," Jaroslav"," Turnov 20.08.1966 peněžitý dar 5 000","00 ",NA
" Kobrlová"," Bohumila"," Pelhřimov 24.09.1972 peněžitý dar 1 600","00 ",NA
"E ní TT TT","E ní TT TT","E ní TT TT","E ní TT TT",NA
" Kocánek"," Marek"," Litoměřice  17.07.1984  peněžitý dar 6 142","00 ",NA
" Kocánek"," Marek"," Litoměřice  17.07.1984  peněžitý dar 20 000","00 ",NA
" Kocánek"," Marek"," Litoměřice  17.07.1984  peněžitý dar 5 700","00",NA
" Kočí Palkovská"," Iveta"," Havířov © 07.03.1975 peněžitý dar 21 950","00.",NA
" Kodydek"," Miroslav"," Jičín ©  08.04.1965 peněžitý dar 10.000","00.©©",NA
" Kohlschůtter"," Adolf"," Bystřany © 15.04.1961 peněžitý dar 1 000","00.",NA
" Ps 0 o Tonemý aarsa 0006"," Ps 0 o Tonemý aarsa 0006"," Ps 0 o Tonemý aarsa 0006"," Ps 0 o Tonemý aarsa 0006",NA
"mnm Jan Pze","mnm Jan Pze","mnm Jan Pze","mnm Jan Pze",NA
"Kohout"," Petr"," Teplice © 18.10.1980 peněžitý dar 1 400","00.",NA
"Kochová"," ne Ziřojmto —-—  23.03.1985 peněžitý dar 1 900","00 -=","Kochová",NA
" Kochová"," Jana"," Znojmo  23.03.1985 peněžitý dar 10 000","00",NA
"Kokošek"," Michal"," Malé Hoštice 29.11.1981 peněžitý dar 25 000","00",NA
" Kolář"," Jan"," Praha 2  14.07.1984  peněžitý dar 12 300","00",NA
" Kolář"," Květoslav"," Olomouc  27.01.1957  peněžitý dar 3 125","00",NA
"Kolářová"," Eva"," Olomouc  13.11.1955 peněžitý dar 25 525","00",NA
"o SP 7 ha 7  aaa","o SP 7 ha 7  aaa","o SP 7 ha 7  aaa","o SP 7 ha 7  aaa",NA
"n- o (00V TST T","n- o (00V TST T","n- o (00V TST T","n- o (00V TST T",NA
" Kolek"," Vladimír"," Karviná © 16.04.1960.——— peněžitýdar 1940000."," Kolek",NA
" Koleta"," Petr"," Hronov  27.08.1968  peněžitý dar 40 000","00",NA
" Koleta"," Petr"," Hronov  27.08.1968  peněžitý dar 40 000","00",NA
" Kolovratník"," Martin"," Pardubice  11.04.1975  peněžitý dar 150 000","00",NA
" Kolovratník"," Martin"," Pardubice  11.04.1975 peněžitý dar 71 050","00",NA
" Kolovratník"," Martin"," Pardubice  11.04.1975  peněžitý dar 30 000","00",NA
" Komárek"," Jakub"," Klapý m s  15.06.1989  peněžitý dar 6 250","00",NA
"© Konečný"," František"," České Budějovice R02 1195/7 peněžitý dar 8 890","00",NA
" Konečný"," František"," České Budějovice —©—©—©——O211.1957. 77 poněžiý dar 3000000.——"," Konečný",NA
"TV C MN E TO","TV C MN E TO","TV C MN E TO","TV C MN E TO",NA
" Konvalinka"," Jan"," Příbram (01.12.1983  peněžitý dar 15 500","00",NA
" Konvalinka"," Jan"," Příbram  01.12.1983 peněžitý dar 20 000","00",NA
"OT NA (CON P","OT NA (CON P","OT NA (CON P","OT NA (CON P",NA
"kopcký Srmilav Nowa Tamaom © foměmýarsma0","kopcký Srmilav Nowa Tamaom © foměmýarsma0","kopcký Srmilav Nowa Tamaom © foměmýarsma0","kopcký Srmilav Nowa Tamaom © foměmýarsma0",NA
"P o Ko","P o Ko","P o Ko","P o Ko",NA
"m 8","m 8","m 8","m 8",NA
" Kořanová"," Barbora"," Plzeň  27.09.1984  peněžitý dar 52 595","00 ",NA
" Kossakowski"," Vladimir"," Teplice (06.02.1980  peněžitý dar 5 700","00 ",NA
" Kott"," Josef"," Pelhřimov  15.11.1970  peněžitý dar 4 400","00 ",NA
" Kott"," Josef"," Pelhřimov (15.11.1970  peněžitý dar 50 000","00.",NA
"TCN BBE rnenký TN","TCN BBE rnenký TN","TCN BBE rnenký TN","TCN BBE rnenký TN",NA
"FE VTT NON 137 V RM PV TOC","FE VTT NON 137 V RM PV TOC","FE VTT NON 137 V RM PV TOC","FE VTT NON 137 V RM PV TOC",NA
"oukolová Perová Jama Ke NO Z TO","oukolová Perová Jama Ke NO Z TO","oukolová Perová Jama Ke NO Z TO","oukolová Perová Jama Ke NO Z TO",NA
"E a ETC NR T TMA","E a ETC NR T TMA","E a ETC NR T TMA","E a ETC NR T TMA",NA
" Kouřil"," Milan"," Jablonec nad Nisou  16.03.1969  peněžitý dar 19 813","00.",NA
" Kovács"," Gabriel"," Rudná  21.04.1973  peněžitý dar 42 700","00.——©",NA
" Kovács"," Gabriel"," Rudná 21.04.1973  peněžitý dar 50 000","00.",NA
" Kovács"," Gabriel"," Rudná  21.04.1973  peněžitý dar 24 500","00.",NA
"Kováčová"," Darina"," Jirkov  20.05.1986  peněžitý dar 5 700","00 ",NA
" Kováčová"," Darina"," Jirkov  20.05.1986  peněžitý dar 9 400","00 ",NA
" Kovařík"," Ondřej"," Velké Karlovice 21.08.1980  peněžitý dar 100 000","00 ",NA
" Kovařík"," Petr"," Bor  10.09.1993  peněžitý dar 25 000","00. ©",NA
" Kovařík"," Petr"," Bor  10.09.1993  peněžitý dar 25 000","00.",NA
" Kovář"," Lubomír"," Karlovy Vary  08.08.1963  peněžitý dar 8 132","00 ",NA
" KPX s.r.o."," Pardubice - Svítkov  25940635  peněžitý dar 5 400","00 "," KPX s.r.o.",NA
" KPX s.r.o."," Pardubice - Svítkov  25940635  peněžitý dar 30 000","00."," KPX s.r.o.",NA
" Králíček"," Robert"," Praha 12  11.02.1977  peněžitý dar 20 000","00",NA
" Králíček"," Robert"," Praha 12  11.02.1977  peněžitý dar 49 400","00",NA
"Králíček"," Robert"," Praha 12) 11.02.1977  peněžitý dar29400","00.— ",NA
" Králik"," Jozef"," Kutná Hora - Žižkov ©  27.03.1963 ( peněžitý dar 2 580","00.————©",NA
" Králová"," Martina"," Blovice © (21.07.1978.  peněžitý dar800","00.-————",NA
" Králová"," Michaela"," Plzeň   11.11.1967  peněžitý dar 3 000","00",NA
" Král"," Petr"," Mimoň  31.08.1979 peněžitý dar 5 000","00",NA
"Kraus"," Pavel"," Dvůr Králové nad Labem  24.06.1952  peněžitý dar 800","00",NA
" Kraus"," Pavel"," Dvůr Králové nad Labem  24.06.1952 peněžitý dar 800","00",NA
" Krejčí"," Josef"," Brno  08.07.1958"," Krejčí",NA
" Kretschmanová"," Dana"," Bílina  06.03.1976"," Kretschmanová",NA
" Krkoška"," Jan"," Krov  13.02.1976 peněžitý dar 200 000","00",NA
" Krmela"," Petr"," Záhřeb © —l—. peněžitý dar 1 267","00.",NA
"P pan Toa 7","P pan Toa 7","P pan Toa 7","P pan Toa 7",NA
" Krňanský"," Vojtěch"," Chrast 01.01.1989 0 peněžitý dar 4 400","00",NA
" Krnovský lihovar spol. s r. 0."," Krnov  25908456"," Krnovský lihovar spol. s r. 0."," Krnov  25908456",NA
"OTT O (B (T","OTT O (B (T","OTT O (B (T","OTT O (B (T",NA
"JSE E17 E [oeněžný dar 10000000)","JSE E17 E [oeněžný dar 10000000)","JSE E17 E [oeněžný dar 10000000)","JSE E17 E [oeněžný dar 10000000)",NA
"TETO ONNRNSS 1 7 (ZEVUG08"" 7","TETO ONNRNSS 1 7 (ZEVUG08"" 7","TETO ONNRNSS 1 7 (ZEVUG08"" 7","TETO ONNRNSS 1 7 (ZEVUG08"" 7",NA
"Er On CT z Bp KOSTI OVV JN","Er On CT z Bp KOSTI OVV JN","Er On CT z Bp KOSTI OVV JN","Er On CT z Bp KOSTI OVV JN",NA
"SRi. Jam"," Dvd Králové ad lada — Roo Tpmemýáromam","SRi. Jam"," Dvd Králové ad lada — Roo Tpmemýáromam",NA
"Kříž"," Michal"," Turnov  06.08.1981  peněžitý dar 21 400","00.",NA
"pm = Sn (71 T","pm = Sn (71 T","pm = Sn (71 T","pm = Sn (71 T",NA
" Kubásek"," Miroslav"," Brno-střed  06.06.1974 peněžitý dar 75 000","00",NA
"= KN PRAMEE T amně edýkMa","= KN PRAMEE T amně edýkMa","= KN PRAMEE T amně edýkMa","= KN PRAMEE T amně edýkMa",NA
"Kubíček"," Raman České Budšorice 060806 ey er TT","Kubíček"," Raman České Budšorice 060806 ey er TT",NA
"kubíčk Roman České ae (T (TT","kubíčk Roman České ae (T (TT","kubíčk Roman České ae (T (TT","kubíčk Roman České ae (T (TT",NA
"OK 0 SRNÍ (TT TON","OK 0 SRNÍ (TT TON","OK 0 SRNÍ (TT TON","OK 0 SRNÍ (TT TON",NA
" Kubík"," Jan"," Loučovice —- (29.10.1978. peněžitý dar 52 800","00.",NA
" Kubis"," Petr"," Sokolov  28.11.1968"," Kubis",NA
"Kubis"," Petr"," Sokolov 28.11.1968 peněžitý dar 10 000","00",NA
"Kuczová"," Zdeňka"," Karviná - Nřizonov a  06.07.1974. peněžitý dar 1 200","00 —",NA
" Kučera"," Zdeněk"," Praha (17.07.1979. peněžitý dar 18 800","00",NA
" Kudláček"," Miroslav"," Český Těšín (17.10.1991. peněžitýdar4 09400."," Kudláček",NA
"Pnohat eroslnv Oma o olozn69šé T zorný dar 12 50000","Pnohat eroslnv Oma o olozn69šé T zorný dar 12 50000","Pnohat eroslnv Oma o olozn69šé T zorný dar 12 50000","Pnohat eroslnv Oma o olozn69šé T zorný dar 12 50000",NA
"a r To T","a r To T","a r To T","a r To T",NA
" Kukla"," Martin"," Počátky 31.10.1982"," Kukla",NA
" Kuklík"," Lukáš"," Vlašim 14.09.1979 peněžitý dar 2 403","00",NA
" Kulil"," Vladimír"," Ostrava  08.12.1957 peněžitý dar 2 650","00",NA
" Kulínská"," Radmila"," Petřvald 16.06.1965 peněžitý dar 200","00",NA
" Kulínský"," Libor"," Petřvald  08.07.1965 peněžitý dar 200","00",NA
" Kuncířová"," Jana"," Kolín  29.06.1964"," Kuncířová",NA
" Kurfirst"," Michal"," Štětí  24.01.1969 peněžitý dar 5 000","00",NA
"9 3 TEE TO","9 3 TEE TO","9 3 TEE TO","9 3 TEE TO",NA
"(AF T ITT NNN","(AF T ITT NNN","(AF T ITT NNN","(AF T ITT NNN",NA
"aePeromae a08E rene ara 80000","aePeromae a08E rene ara 80000","aePeromae a08E rene ara 80000","aePeromae a08E rene ara 80000",NA
" Kužel"," Jaroslav"," Milovice nad Labem  29.02.1976 peněžitý dar 1 800","00",NA
" Kužel"," Jaroslav"," Milovice nad Labem  Z"," Kužel",NA
" Kvapilová"," Yveta"," Praha 5 - Stodůlky [13.10.1971 peněžitý dar 9 400","00",NA
" Kvapil"," Vítězslav"," Liberec 29.04.1947"," Kvapil",NA
" Kyjovský"," Martin"," Kyjov  26.07.1971"," Kyjovský",NA
" Kysilková"," Daniela"," Stráž nad Nisou  19.10.1967"," Kysilková",NA
" Kytýr"," Jaroslav"," Svitavy ( 24.03.1963 peněžitý dar 53 000","00",NA
"K a FOTO (0","K a FOTO (0","K a FOTO (0","K a FOTO (0",NA
"STO TATO 70 TN","STO TATO 70 TN","STO TATO 70 TN","STO TATO 70 TN",NA
" Laibl"," Radim"," Žatec —> (19.03.1981 peněžitý dar 20 000","00.—©—©©",NA
" Laibl"," Radim"," Žatec © 19.03.1981  peněžitý dar 5 000","00",NA
"n 7 >="," a „c u T ST M none mým A —","n 7 >="," a „c u T ST M none mým A —","n 7 >="
" Laibl"," Radim. Ž r— l —. (003 108] = — penězi dar 4 007","00 ="," Laibl"," Radim. Ž r— l —. (003 108] = — penězi dar 4 007"
"T SSE m.. m M h <","T SSE m.. m M h <","T SSE m.. m M h <","T SSE m.. m M h <","T SSE m.. m M h <"
"Lakomá"," Iva"," Klášterní Hradisko © (19.05.1963. peněžitýdar42700.——©","Lakomá"," Iva"
" Landa"," Jan"," Lovosice  03.09.1957 peněžitý dar 2 600","00 "," Landa"
" Langrová"," Markéta"," Ostrava  07.10.1981 peněžitý dar 15 000","00"," Langrová"
"Lavička Viktor České Budějovice  K  o] h m rar: m 00 z","Lavička Viktor České Budějovice  K  o] h m rar: m 00 z","Lavička Viktor České Budějovice  K  o] h m rar: m 00 z","Lavička Viktor České Budějovice  K  o] h m rar: m 00 z","Lavička Viktor České Budějovice  K  o] h m rar: m 00 z"
"(PTT T Ť > r- ai a","(PTT T Ť > r- ai a","(PTT T Ť > r- ai a","(PTT T Ť > r- ai a","(PTT T Ť > r- ai a"
"ak"," Jaro o ee per“ Sronov Mn","ak"," Jaro o ee per“ Sronov Mn","ak"
"[TYTO ————y TT = m 60000 i","[TYTO ————y TT = m 60000 i","[TYTO ————y TT = m 60000 i","[TYTO ————y TT = m 60000 i","[TYTO ————y TT = m 60000 i"
"rase V OB k oolžij — O","rase V OB k oolžij — O","rase V OB k oolžij — O","rase V OB k oolžij — O","rase V OB k oolžij — O"
"[Lichnovský"," Vladimíru Přerov Předmostí 16061085 © 5 i","[Lichnovský"," Vladimíru Přerov Předmostí 16061085 © 5 i","[Lichnovský"
"""Lzchnovský"," Vladimír - ovl Předmostí  16061985 © Jeněžitý dar 20 0000","""Lzchnovský"," Vladimír - ovl Předmostí  16061985 © Jeněžitý dar 20 0000","""Lzchnovský"
" Lindner"," Radim"," Olomouc ——————n peněžitý dar 20 000","00"," Lindner"
" Lindner"," Radim"," Olomouc  26.02.1978 peněžitý dar 1 400","00"," Lindner"
" Lindner"," Radim"," Olomouc  So peněžitý dar 1 337","00. a"," Lindner"
" Lindovský"," Jan"," Hradec nad Moravicí  03.07.1973  peněžitý dar  601","00"," Lindovský"
" Lisa"," Jan"," Lovosice  22.12.1962 peněžitý dar  000","00"," Lisa"
"ska Mam bem 0 11078 eněžitý dar 1928800","ska Mam bem 0 11078 eněžitý dar 1928800","ska Mam bem 0 11078 eněžitý dar 1928800","ska Mam bem 0 11078 eněžitý dar 1928800","ska Mam bem 0 11078 eněžitý dar 1928800"
" kové. m U BEN SETE m..."," kové. m U BEN SETE m..."," kové. m U BEN SETE m..."," kové. m U BEN SETE m..."," kové. m U BEN SETE m..."
" Lónová"," Jaromíra"," Uničov  03.07.1962  peněžitý dar 20 000","00"," Lónová"
" Lošťák"," Jaromír"," Olomouc - Slavonín  05.10.1973  peněžitý dar 10 000","00"," Lošťák"
" Loučková Kotasová"," Radka"," Liberec  21.11.1965  peněžitý dar 29 425","00"," Loučková Kotasová"
" Lówy"," Radek"," Litoměřice  21.04.1961  peněžitý dar 3 071","00"," Lówy"
" Luksík"," Martin"," Kralupy nad Vltavou  06.03.1967 peněžitý dar 200","00"," Luksík"
" Lusk"," Zdeněk"," Stonava  04.07.1950  peněžitý dar 600","00"," Lusk"
" Macura"," Tomáš"," Ostrava  06.05.1964 peněžitý dar 34 400","00"," Macura"
" ralásek ona = jd o M (TDK jk pe"" (hrirpřín pět"," ralásek ona = jd o M (TDK jk pe"" (hrirpřín pět"," ralásek ona = jd o M (TDK jk pe"" (hrirpřín pět"," ralásek ona = jd o M (TDK jk pe"" (hrirpřín pět"," ralásek ona = jd o M (TDK jk pe"" (hrirpřín pět"
" Malá"," Taťána"," Lelekovice © L OL10.1981  peněžitýdar11300","00.-——©"," Malá"
"(Malá"," Taťána"," Lelekovice ©"," OL10.1981  peněžitý dar34 860","00."
" Malá"," Taťána"," Lelekovice  01.10.1981 peněžitý dar 11 300","00"," Malá"
" Malá"," Taťána"," Lelekovice  01.10.1981  peněžitý dar 20 000","00"," Malá"
" Malík"," Karel"," Ostrava-Jih  27.03.1981  peněžitý dar 15 000","00"," Malík"
" Malina"," Lukáš"," Sopotnice  21.12.1977  peněžitý dar 30 000","00"," Malina"
" Malý"," Jan"," Jičín  29.10.1951  peněžitý dar 9 400","00"," Malý"
" Mamula"," Radim"," Frýdek Místek  07.07.1970  peněžitý dar 25 000","00"," Mamula"
" Mamula"," Radim"," Frýdek Místek (07.07.1970  peněžitý dar 25 000","00"," Mamula"
" Mamula"," Radim"," Frýdek Místek  07.07.1970 peněžitý dar 50 000","00"," Mamula"
" Mamula"," Radim. Frýdek Místek  07.07.1970 peněžitý dar 100 000","00"," Mamula"," Radim. Frýdek Místek  07.07.1970 peněžitý dar 100 000"
"Mánek"," David"," Proseč nad Nisou  24.01.1983  peněžitý dar 12 500","00","Mánek"
"[Aaarčíková. Lenka ně 7 BABBE  prněžý dm 80000 r","[Aaarčíková. Lenka ně 7 BABBE  prněžý dm 80000 r","[Aaarčíková. Lenka ně 7 BABBE  prněžý dm 80000 r","[Aaarčíková. Lenka ně 7 BABBE  prněžý dm 80000 r",NA
" Marek. Da : a lo W : lk (6021970 peněžtý dar 500080."," Marek. Da : a lo W : lk (6021970 peněžtý dar 500080."," Marek. Da : a lo W : lk (6021970 peněžtý dar 500080."," Marek. Da : a lo W : lk (6021970 peněžtý dar 500080.",NA
"= ==  U == ===  T -== ana s ET jím","= ==  U == ===  T -== ana s ET jím","= ==  U == ===  T -== ana s ET jím","= ==  U == ===  T -== ana s ET jím",NA
"T z se gr  —=—— = o . o —panezný dar30000. ","T z se gr  —=—— = o . o —panezný dar30000. ","T z se gr  —=—— = o . o —panezný dar30000. ","T z se gr  —=—— = o . o —panezný dar30000. ",NA
" Marek"," P str Kralupy nad Labem — 5% 1060 —73 - 19 dar 30 00 ME —"," Marek"," P str Kralupy nad Labem — 5% 1060 —73 - 19 dar 30 00 ME —",NA
" Maršálová Doležalová"," Lenka"," Olomouc  05.03.1959 -=  peněžitý dar 5 000","00. i",NA
" Maruchnič"," Ivo"," Frenštát pod Radhoštěm (25.10.1976. peněžitý dar 800","00.",NA
" Maruštík"," Milan"," Praha 4 - Modřany 13.06.1958.  peněžitý car 2300000."," Maruštík",NA
" Masarovič"," Robert"," Havířov - Životice  30.08.1973 peněžitý dar 50 000","00",NA
" Mastná"," Irena"," Beroun  19.04.1984 peněžitý dar 900","00",NA
" Mašek"," Jiří"," Hradec Králové © (16.07.1958  peněžitý dar 1000000."," Mašek",NA
" Mašek"," Jiří"," Hradec Králové i (16.07.1958.  peněžitý dar 50000","00.———©",NA
" Mašek"," Jiří"," Hradec Králové  16.07.1958  peněžitý dar 75 000","00.",NA
" Mašek"," Jiří"," Hradec Králové  16.07.1958  peněžitý dar 70 000","00",NA
" Mašek"," Jiří"," Hradec Králové 16071958  peněžitý dar32 300","00.",NA
" laže JA"," Fey r m 5122 = n = = : >"," laže JA"," Fey r m 5122 = n = = : >",NA
" Mata"," Martin"," Ústí nad Labem © 05.02.1983 peněžitý dar 1 453","00",NA
"[ratejka"," Miro av DO. 550219726. peněžitý dar 5 700","00 dá","[ratejka",NA
" Matuška"," Karel"," Bílina  31.07.1965  peněžitý dar 4 000","00.",NA
" Matyášová"," Eva"," Hradec Králové (15.07.1959  peněžitý dar 51 200","00.",NA
" Mazochová"," Hana"," Přerov (03.10.1956.  peněžitý dar 4 947","00",NA
" Mazochová"," Hana"," Přerov  03.10.1956 peněžitý dar 15 021","00",NA
" Mazochová"," Hana"," Přerov  03.10.1956 peněžitý dar 15 021","00",NA
" MEBES security s.r.o."," Valašské Meziříčí  60777851 peněžitý dar 10 000","00"," MEBES security s.r.o.",NA
" Med"," Karel"," Praha 14  09.03.1971 peněžitý dar 2 468","00",NA
" nehková bona M ODM TIT ="," nehková bona M ODM TIT ="," nehková bona M ODM TIT ="," nehková bona M ODM TIT =",NA
" Mejstříková"," Lubomíra"," Most © 10.02.1957———  peněžitýdar5 700","00.",NA
" Mejstříková"," Lubomíra"," Most 10.02.1957 peněžitý dar5000","00.———",NA
"( Melichar"," Stanislav"," Mělník  19.02.1983  peněžitý dar 800","00.",NA
" Melková"," Marcela"," Praha - Východ  24.01.1971  peněžitý dar 25 650","00",NA
" Melková"," Marcela"," Praha - Východ  24.01.1971  peněžitý dar 25 650","00.",NA
" Meluzín"," Filip"," Praha 15 17.08.1981  peněžitý dar 3 071","00.",NA
" Mencl Elektro Engineering s.r.o."," Plzeň  26343169  peněžitý dar 1 000","00"," Mencl Elektro Engineering s.r.o.",NA
"Mencl"," Vladimír"," Praha  12.06.1953  peněžitý dar 400","00",NA
" Merhaut"," Antonín"," Hvozd  17.09.1974 peněžitý dar 300","00",NA
"na S VE ov 28 ase  r mě 11001 ojiáěšké","na S VE ov 28 ase  r mě 11001 ojiáěšké","na S VE ov 28 ase  r mě 11001 ojiáěšké","na S VE ov 28 ase  r mě 11001 ojiáěšké",NA
" Metelka"," Jan"," Dvůr Králové nad Labem  28.01.1980 peněžitý dar 800","00",NA
"(Mer. Michal Knecht"," Tišnov nm","(Mer. Michal Knecht"," Tišnov nm",NA
"PR sam ETS x1 R TT Ě","PR sam ETS x1 R TT Ě","PR sam ETS x1 R TT Ě","PR sam ETS x1 R TT Ě",NA
" Micha"," Pave Diemowé 10071061 — ozáný aac2 10006 :"," Micha"," Pave Diemowé 10071061 — ozáný aac2 10006 :",NA
"T TNO EE T VET i","T TNO EE T VET i","T TNO EE T VET i","T TNO EE T VET i",NA
" Michalová"," Jiřina"," Příbram ( 25.05.1952 peněžitý dar 20 000","00.",NA
" Michopulu"," Margareta"," Ostrava- Vítkovice © 14.06.1972 peněžitý dar 15280","00.— ",NA
" Mikulka"," Jan"," Jeneč 150611977 peněžitý dar20000","00.——",NA
"T — — T TT","T — — T TT","T — — T TT","T — — T TT",NA
"""Mtinrová"," Sieelnde"," Javor o  3041960  veněžný dar20000","00",NA
": Z 7 a",": Z 7 a",": Z 7 a",": Z 7 a",NA
"steh r — ea n","steh r — ea n","steh r — ea n","steh r — ea n",NA
"[Moc Josef pa r TOTO OTT","[Moc Josef pa r TOTO OTT","[Moc Josef pa r TOTO OTT","[Moc Josef pa r TOTO OTT",NA
"ee S 7"," k T Tety Gm 1bom8","ee S 7"," k T Tety Gm 1bom8",NA
" toravan"," Libor České Budějovice M  6021081 T penězný dar 3000000"," toravan"," Libor České Budějovice M  6021081 T penězný dar 3000000",NA
" Moravec"," Libor"," České Budějovice  16.02.1981"," Moravec",NA
" Mottl"," Tomáš"," Kutná Hora - Sedlec  10.08.1978 peněžitý dar 1 480","00",NA
"(MP Krásno"," a.s."," Valašské Meziříčí © 25572890.  peněžitý dar35000","00.-——©",NA
" Mračková Vildumetzová"," Jana"," Karlovy Vary  08.05.1973 -= peněžitý dar 20 000","00.",NA
"Mračková Vildumetzová"," Jana"," Karlovy Vary —©— 08.05.1973.  peněžitýdar 73 800","00.",NA
"[rarozková Hořková Marela Osram 0 112061060] penězný dar30 12000","[rarozková Hořková Marela Osram 0 112061060] penězný dar30 12000","[rarozková Hořková Marela Osram 0 112061060] penězný dar30 12000","[rarozková Hořková Marela Osram 0 112061060] penězný dar30 12000",NA
"OA o a 0","OA o a 0","OA o a 0","OA o a 0",NA
" Můllerová"," Pavla"," Vrbno pod Pradědem © 19.02.1970. peněžitý dar 1 000","00.",NA
" Murtinová"," Sophia"," Ostrava - Moravská Ostrava (01.07.1984 —— peněžitý dar 3 000","00 s",NA
" Musil"," Miloš"," Ústí nad Labem  10.03.1969"," Musil",NA
" Musil"," Miroslav"," Stará Voda  18.09.1962"," Musil",NA
" Musilová"," Štěpánka"," Háje ve Slezsku  24.11.1969"," Musilová",NA
" Mysliveček"," Tomáš"," Praha 5 - Košíře  07.10.1977"," Mysliveček",NA
" Nádvorník"," Jindřich"," Jikov  1808.1965  peněžitýdar1 00000."," Nádvorník",NA
"Nahodil"," Jaroslav"," Ostrava 01.08.1958 peněžitý dar 7 100","00",NA
"Navrátil"," Tomáš"," Opava -Milostovice (21.05.1983.  peněžitý dar24400","00",NA
" Navrátil"," Tomáš"," Přerov I-Město  02.12.1981 peněžitý dar 11 694","00",NA
" Navrátil"," Tomáš"," Přerov I-Město — 02.12.1981 m pěněžitý dař 14 194","00.",NA
"[Nebřenský"," Egon"," Bílina [27.04.1974","[Nebřenský",NA
" Nebřenský"," Egon"," Bílina  27.04.1974"," Nebřenský",NA
" Nečas"," Jan"," Blansko  14.07.1970"," Nečas",NA
" Nečas"," Jan"," Blansko  14.07.1970"," Nečas",NA
" Nedvědický"," Petr"," Ústí nad Labem  30.04.1955 peněžitý dar 24 600","00",NA
"Aedvědický Per Úaimadláem 0 V30001085  peměžý da 500000","Aedvědický Per Úaimadláem 0 V30001085  peměžý da 500000","Aedvědický Per Úaimadláem 0 V30001085  peměžý da 500000","Aedvědický Per Úaimadláem 0 V30001085  peměžý da 500000",NA
"TE a lam R T","TE a lam R T","TE a lam R T","TE a lam R T",NA
" Němeček"," Jiří"," Liberec (30.01.1947 peněžitý dar 900","00",NA
" Němeček"," Ondřej"," Ostrava  22.07.1972 peněžitý dar 12 700","00.",NA
"[ění Odra = ——— EA — — === n 00","[ění Odra = ——— EA — — === n 00","[ění Odra = ——— EA — — === n 00","[ění Odra = ——— EA — — === n 00",NA
" Nemojanský mlýn"," s.r.o."," Nemojany  5580609  peněžitý dar 100 000","00 ",NA
"[Nestoroská"," Tom"," n o 1 18041989  peněžný fer 20000. a išiy","[Nestoroská",NA
" Netušil"," Martin"," Mladá Boleslav  30.07.1971  peněžitý dar 950","00 ",NA
" Nič"," Martin"," Slaný  13.01.1975  peněžitý dar 900","00 ",NA
" Nosál"," Luboš"," Jirkov  23.04.1958  peněžitý dar 3 135","00 ",NA
" Nosek"," Luděk"," Mariánské Lázně  09.09.1940  peněžitý dar 200","00 ",NA
"„Nová Karna"," spol. s no."," Mariánské Lázně  41636546  peněžitýdar5000000","„Nová Karna",NA
"„Novák"," Marek"," Zlín p pon","„Novák",NA
"o - =- == o ——  -a ","o - =- == o ——  -a ","o - =- == o ——  -a ","o - =- == o ——  -a ",NA
"[Rovák Marin -— = = 27081979 penězkýdar1 60000 ","[Rovák Marin -— = = 27081979 penězkýdar1 60000 ","[Rovák Marin -— = = 27081979 penězkýdar1 60000 ","[Rovák Marin -— = = 27081979 penězkýdar1 60000 ",NA
" Nováková"," Eva"," Ústí nad Labem  25.04.1959  peněžitý dar 2 557","00 ",NA
" Novotný"," Jan"," Brno 25.10.1984  peněžitý dar 120 000","00. ",NA
" Novotný"," Miroslav"," Kadaň  07.04.1970  peněžitý dar 20 000","00 ",NA
" Novotný"," Miroslav"," Kadaň  07.04.1970  peněžitý dar 5 000","00 ",NA
" Novotný"," Petr"," Praha 2  31.05.1985  peněžitý dar 7 800","00 ",NA
" Novotný"," Tomáš"," Praha 14  01.08.1993  peněžitý dar 738","00 ",NA
" Obdržálek"," Martin"," Hlučín  24.07.1975 peněžitý dar 200","00 ",NA
" Oborná"," Monika"," Náměšť nad Oslavou © 02.04.1989  peněžitý dar 49 400","00. ",NA
" Oborný"," Roman"," Český Těšín  13.11.1969  peněžitý dar400","00.——©",NA
" Okleštěk"," Ladislav"," Prostějov  10.03.1961  peněžitý dar 100 000","00 ",NA
" Okleštěk"," Ladislav"," Prostějov  10.03.1961  peněžitý dar 93 800","00 ",NA
" OKNOSTUDIO PRAHA s.r.o."," Praha 5 - Smíchov  5640440  peněžitý dar 50 000","00 "," OKNOSTUDIO PRAHA s.r.o.",NA
" Olšoková"," Alena"," Havířov  19.02.1964  peněžitý dar 19 000","00 ",NA
" Oprchalský"," Lukáš"," Rychvald  22.08.1979  peněžitý dar 50 000","00 ",NA
" Oprchalský"," Lukáš"," Rychvald  22.08.1979  peněžitý dar 10 000","00 ",NA
" OSPRO MB"," spol. s r.o."," Praha 3 - Žižkov  48949582 peněžitý dar 20 000","00",NA
" Ošťádalová"," Tereza"," Olomouc  07.10.1982 peněžitý dar 3 TM"," Ošťádalová",NA
" Otisk"," Miroslav"," Ostrava - Poruba  17.10.1980 peněžitý dar 19 600","00 ",NA
" Otisk"," Miroslav"," Ostrava - Poruba ©  17.10.1980 peněžitý dar 50 000","00.—©—©",NA
" Oulehlová"," Renata"," Sokolov  31.03.1968 peněžitý dar 13 800","00 ",NA
" Oulehlová"," Renata"," Sokolov  31.03.1968 peněžitý dar 4 200","00 ",NA
" Oulehlová"," Renata"," Sokolov ( 31.03.1968  peněžitý dar 18 800","00",NA
" Outlý"," Jindřich"," Hradec Králové (23.11.1961  peněžitý dar 20 000","00 ",NA
" Ožanová"," Zuzana"," Ostrava-Moravská Ostrava  25.09.1970  peněžitý dar 63 200","00",NA
" Ožanová"," Zuzana"," Ostrava-Moravská Ostrava  25.09.1970  peněžitý dar 10 000","00",NA
" Pachman"," Lubomír"," Most  16.02.1953  peněžitý dar 515","00",NA
" PALÍRNA U ZELENÉ LÍPY s.r.o."," Stonava —©—— 25896539 [ peněžitý dar 200 000","00. "," PALÍRNA U ZELENÉ LÍPY s.r.o.",NA
" PALÍRNA U ZELENÉ LÍPY s.r.o."," Stonava © 25896550 ©  peněžitý dar 250 000","00. "," PALÍRNA U ZELENÉ LÍPY s.r.o.",NA
" Palme"," Jan"," Tanvald  07.12.1965  peněžitý dar 2 076","00 ",NA
" Palovský"," Karel"," Háje ve Slezsku  08.03.1959  peněžitý dar 5 000","00 ",NA
"=- ","—————————","=- ","—————————",NA
" Pánková"," Ludmila"," Husinec © (02.03.1975. peněžitý dar 20000","00.— ",NA
"Parra Paoeie (an TJ TT","Parra Paoeie (an TJ TT","Parra Paoeie (an TJ TT","Parra Paoeie (an TJ TT",NA
" Pařil"," Patrik"," Pohořelice (30.01.1988 peněžitý dar 120 000","00. ",NA
" Pastuchová"," Jana"," Jablonec nad Nisou  21.07.1965 peněžitý dar 71 600","00 ",NA
" Pataky"," Alena"," Ostrava  23.04.1960 peněžitý dar 12 400","00 ",NA
"Pátek"," Pavel"," Bílina  18.08.1950 peněžitý dar  400","00 ",NA
" Patka"," Josef"," Štětí  15.07.1975 peněžitý dar 3 100","00 ",NA
" Pavelek"," Tomás"," Český TT S TT = mí"," Pavelek",NA
"T — 22 == Fey yrtY TON","T — 22 == Fey yrtY TON","T — 22 == Fey yrtY TON","T — 22 == Fey yrtY TON",NA
" pavlačič Róben Zaječice — 204  penězý dr 3000006]"," pavlačič Róben Zaječice — 204  penězý dr 3000006]"," pavlačič Róben Zaječice — 204  penězý dr 3000006]"," pavlačič Róben Zaječice — 204  penězý dr 3000006]",NA
" = == = aa"," = == = aa"," = == = aa"," = == = aa",NA
" Pavlík"," Martin"," Brno (11.07.1970 peněžitý dar 100 000","00 ",NA
" Pěček"," Svatopluk"," Břeclav  13.01.1956 peněžitý dar 20 000","00 ",NA
" Pěček"," Svatopluk"," Břeclav  13.01.1956 peněžitý dar 17 400","00 ",NA
" Pejchalová"," Jana"," Brno  16.10.1958 peněžitý dar 20 000","00 ",NA
" Pejchalová"," Jana"," Brno  16.10.1958 peněžitý dar 36 000","00 ",NA
" Pekar"," Vasil Silvestr"," Praha 9 06.10.1946 peněžitý dar 1 943","00 ",NA
" Pelčáková"," Hana"," Praha9 09.01.1953.  peněžitý dar I 500","00 ",NA
" Pelčáková"," Hana"," Praha 9 09.01.1953 peněžitý dar 1 500","00 ",NA
" Pella"," Miroslav"," Krnov  20.10.1985"," Pella",NA
" Pém"," Jaroslav"," Ústí nad Labem 12.07.1980"," Pém",NA
" Penc"," Jiří"," Karlovy Vary  07.05.1973 peněžitý dar  553","00",NA
" Penc"," Jiří"," Karlovy Vary  07.05.1973 peněžitý dar 10 000","00 ",NA
" Perková"," Alice"," Chabařovice  02.12.1955 peněžitý dar 950","00",NA
" Peterka"," Pavel"," Ústí nad Labem  04.06.1989 peněžitý dar 8 000","00 ",NA
" Peteřík"," Alexandr"," Jirkov  15.01.1975  peněžitýdar80000.-— "," Peteřík",NA
" petrklier.com s.r.o."," Hořovičky 5320755 peněžitý dar 20 000","00 "," petrklier.com s.r.o.",NA
" Petrů"," Miloslav"," Bruntál  06.02.1953 peněžitý dar 3 600","00 ",NA
" Petrželová"," Radana"," Opava  02.12.1976 peněžitý dar 5 573","00 ",NA
" Pfeffer-Ferklová"," Andrea"," Karlovy Vary  01.01.1975 peněžitý dar 19 377","00 ",NA
" Pfefferová"," Zdenka"," Opava   10.04.1945 peněžitý dar 172","00",NA
" Pfléger"," Stanislav"," Děčín IV - Podmokly  14.05.1958 peněžitý dar 12 500","00 ",NA
" PILA KéP spol. s r.o."," Dožice  25236202 peněžitý dar 100 000","00"," PILA KéP spol. s r.o.",NA
" PILA K«P spol. s r.o."," Dožice  252536202 peněžitý dar 100 000","00 "," PILA K«P spol. s r.o.",NA
"Pilný"," František"," Chrudim 17.08.1977 peněžitý dar 30000","00. © ",NA
"Pilný"," František"," Chrudim 2 17.08.1977  peněžitý dar 17400","00.——",NA
"„Et Štěpán"," Tišnov  20.04.1970 peněžitý dar 5 530","00 ","„Et Štěpán",NA
" Pinc"," Michal"," Pra 7  29.05.1968  neměžiký dar 600","00 i",NA
"TUTI o a TEEba —— T Em —","TUTI o a TEEba —— T Em —","TUTI o a TEEba —— T Em —","TUTI o a TEEba —— T Em —",NA
"r OPT + a...","r OPT + a...","r OPT + a...","r OPT + a...",NA
" Pisková"," Ivona"," Záhřeb 05.06.1956  peněžitý dar 1 107","00 ",NA
" Plaček"," Tomáš"," Hlučín 04.06.1991  peněžitý dar 100","00 ",NA
" Plecitý"," Zdeněk"," Sulejovice  18.08.1963  peněžitý dar 20 000","00 ",NA
" Plesníková"," Marcela"," Praha 5 (02.01.1963  peněžitý dar 19.400","00. © ",NA
" Plesníková"," Marcela"," Praha 5 (02.01.1963  peněžitý dar 1997700. "," Plesníková",NA
"[ná pal memr 200 35 T111","[ná pal memr 200 35 T111","[ná pal memr 200 35 T111","[ná pal memr 200 35 T111",NA
"AT — NN pr i. me o“ TT","AT — NN pr i. me o“ TT","AT — NN pr i. me o“ TT","AT — NN pr i. me o“ TT",NA
"P o MnO u n j ra T peněžný dar 4 ——","P o MnO u n j ra T peněžný dar 4 ——","P o MnO u n j ra T peněžný dar 4 ——","P o MnO u n j ra T peněžný dar 4 ——",NA
" Podstawka"," Radek"," Karviná  26.12.1968 TOT"," Podstawka",NA
" Pohanka"," Jiří"," Klatovy  08.02.1969  peněžitý dar 2 000","00 ",NA
" Pokorná Jermanová"," Jaroslava"," Benešov  17.08.1970  peněžitý dar 51 500","00 ",NA
" Pokorná Jermanová"," Jaroslava"," Benešov  17.08.1970  peněžitý dar 50 000","00 ",NA
" Pokorný"," František"," Znojmo  09.09.1961  peněžitý dar 20 000","00 ",NA
" Pokorný"," Petr"," Lovosice  16.09.1972  peněžitý dar I 238","00 ",NA
" Polanský"," Tomáš"," Kadaň  10.11.1977  peněžitý dar 800","00",NA
" Polášková"," Renata"," Brno-Královo Pole © 30.05.1968.) peněžitý dar 566500. ©"," Polášková",NA
" Poluha"," Luboš"," Benátky nad Jizerou 0 709.08.1975.—  peněžitý dar 200","00-",NA
" Popelák"," Lukáš"," Olomouc  20.11.1986  peněžitý dar 4 200","00 ",NA
" Popelák"," Lukáš"," Olomouc (20.11.1986  peněžitý dar 955","00 ",NA
" Pour"," Milan"," Milovice  06.06.1965  peněžitý dar 49 600","00 ",NA
" Pourová"," Věra"," Hradec Králové  22.11.1957  peněžitý dar 19 400","00 ",NA
" Prachařová"," Šárka"," Liberec  25.06.1962 peněžitý dar 40 000","00. ©",NA
" Prachařová"," Šárka"," Liberec  25.06.1962 peněžitý dar 6 500","00 ",NA
"Prášil"," Vladimír"," Olomouc - Droždín  02.10.1958 peněžitý dar 13 000","00 ",NA
"Praus"," Zdeněk"," Častolovice 23011977 peněžitý dar 70 000","00. ",NA
" Pražák"," David"," Semily  13.09.1979  peněžitý dar21200","00.——",NA
" Pražák"," David"," Semily 13.09.1979.  peněžitý dar 300000","00.— ",NA
" Presslová"," Linda"," Plzeň  28.10.1974"," Presslová",NA
" Pro femina - ambulance s.r.o."," Karviná - Mizerov  27856348"," Pro femina - ambulance s.r.o."," Karviná - Mizerov  27856348",NA
" Pro femina - ambulance s.r.o."," Karviná - Mizerov  27856348"," Pro femina - ambulance s.r.o."," Karviná - Mizerov  27856348",NA
"(Procházka"," David"," Plzeň EN","(Procházka",NA
" Procházka"," Jan"," Pardubice  05.12.1979"," Procházka",NA
" Procházka"," Jan"," Pardubice 05.12.1979"," Procházka",NA
" Procházka"," Miloš"," Týniště nad Orlicí  20.05.1971 peněžitý dar 150 000","00",NA
" Procházková"," Věra"," Karlovy Vary 05.04.1954  peněžitý dar49 400","00.",NA
" Prokeš"," Pavel"," Praha 13 050719003  peněžitý dar 5 766","00.",NA
" Prokeš"," Pavel"," Praha 13  05.07.1973"," Prokeš",NA
" Prokop"," Ondřej"," Praha 1 I  08.01.1986"," Prokop",NA
"Prokop Ondřej. Praha  M Sn Tarot Ipměiý améz00m I","Prokop Ondřej. Praha  M Sn Tarot Ipměiý améz00m I","Prokop Ondřej. Praha  M Sn Tarot Ipměiý améz00m I","Prokop Ondřej. Praha  M Sn Tarot Ipměiý améz00m I",NA
"E Vok) eba a iréenýmká Stmmást (2549100 — honěžiný dar 13 00000","E Vok) eba a iréenýmká Stmmást (2549100 — honěžiný dar 13 00000","E Vok) eba a iréenýmká Stmmást (2549100 — honěžiný dar 13 00000","E Vok) eba a iréenýmká Stmmást (2549100 — honěžiný dar 13 00000",NA
" s.r.o."," Brno :  "," s.r.o."," Brno :  ",NA
"Prerov Maroka i n — ] Dan =- = - n i","Prerov Maroka i n — ] Dan =- = - n i","Prerov Maroka i n — ] Dan =- = - n i","Prerov Maroka i n — ] Dan =- = - n i",NA
"[prášek Leaš"," K ojetin V — ae eněžit dar 1431300 a.","[prášek Leaš"," K ojetin V — ae eněžit dar 1431300 a.",NA
"(Puhal"," Jan"," Liberec © 03.07.1950 peněžitý dar 5 320","00 ",NA
" Pustějovský"," Pavel"," Valašské Meziříčí  17.01.1972 peněžitý dar 61 400","00 ",NA
"rem ŽE 0061066 - ň ; vý dar o 00 ""JE","rem ŽE 0061066 - ň ; vý dar o 00 ""JE","rem ŽE 0061066 - ň ; vý dar o 00 ""JE","rem ŽE 0061066 - ň ; vý dar o 00 ""JE",NA
"ROT L hů  Ov dd  = : . p r —-","ROT L hů  Ov dd  = : . p r —-","ROT L hů  Ov dd  = : . p r —-","ROT L hů  Ov dd  = : . p r —-",NA
" Rajníková"," Jorga"," Javorník 30.04.1964  peněžitý dar 1 147","00",NA
" Rašková"," Marie"," Mimoň 05.07.1962  peněžitý dar 200","00",NA
" Ratiborský"," Michal"," Krov 06.12.1981  peněžitý T"," Ratiborský",NA
" Redl"," Vladimír"," Ostrava  28.06.1962  peněžitý 8 900","00.",NA
"© REGUTEC a.s."," Němčičky (5613345  peněžitý dar 50 000","00 ","© REGUTEC a.s.",NA
" Reichl"," Miroslav"," Turnov 06.06.1966  peněžitý dar I 000","00 ",NA
" Reisová"," Jitka"," Hajek I 23.07.1968  peněžitý dar 3 200","00",NA
"[ Rejda"," Jirí Pardubice P [02.03.1981 — ponezný ar 1050000.","[ Rejda"," Jirí Pardubice P [02.03.1981 — ponezný ar 1050000.",NA
" Rejd s rý in = i T 2 T pmezný ta 300000"," Rejd s rý in = i T 2 T pmezný ta 300000"," Rejd s rý in = i T 2 T pmezný ta 300000"," Rejd s rý in = i T 2 T pmezný ta 300000",NA
" Resner Vladan"," Pos I oo 5 o  T"," Resner Vladan"," Pos I oo 5 o  T",NA
" Režnar"," Milan"," Háj ve Slezsku - Lhota  01.02.1969  peněžitý dar 400","00 ",NA
" Richter"," Jan"," Kadaň  28.11.1967  peněžitý dar 3 445","00 ",NA
" Richter"," Jan"," Kadaň  28.11.1967  peněžitý dar 49 400","00 ",NA
" Richter"," Jan"," Kadaň  28.11.1967  peněžitý dar 20 000","00 ",NA
" Rodek"," Zdeněk"," Ostrava-Poruba  24.02.1977  peněžitý dar 16 450","00 ",NA
" Roflík"," Vlastimil"," Louny (17.12.1970  peněžitý dar 2 688","00 ",NA
" Rogos"," Ján"," Hořovice 15.01.1967 peněžitý dar 1 400","00 ",NA
" Eojtmnová Hane Brno MNOONNNKé 75T SET- JN ro TE Ji JNNÍNNÍ"," Eojtmnová Hane Brno MNOONNNKé 75T SET- JN ro TE Ji JNNÍNNÍ"," Eojtmnová Hane Brno MNOONNNKé 75T SET- JN ro TE Ji JNNÍNNÍ"," Eojtmnová Hane Brno MNOONNNKé 75T SET- JN ro TE Ji JNNÍNNÍ",NA
"[Rajíěková"," Jana"," Brno © 8 (eněčtý dar 1000000 ","[Rajíěková",NA
" Rojíčková"," Jana"," Brno  13.02.1969  peněžitý dar 3 000","00 ",NA
" Rosenbaum"," Karel"," Litvínov  02.10.1973 peněžitý dar 11 900","00",NA
" Rotter"," Petr"," Příbram 2 09.02.1971  peněžitý dar 4 200","00",NA
" Rozehnal"," Jiří"," Prostějov  24.02.1965  peněžitý dar 12 817","00 ",NA
"Rozehnal"," Jiří"," Prostějov 24.02.1965  peněžitý dar 12 817","00 ",NA
" Rozmajzl Petr"," Chrastava  21.11.1987  peněžitý dar 200","00 "," Rozmajzl Petr",NA
" Rubeš"," Vratislav"," Žižice  19.05.1966  peněžitý dar 50 000","00 ",NA
"Fero atomu oreveo Penn JE 1963.  peněžitý dar760000.——","Fero atomu oreveo Penn JE 1963.  peněžitý dar760000.——","Fero atomu oreveo Penn JE 1963.  peněžitý dar760000.——","Fero atomu oreveo Penn JE 1963.  peněžitý dar760000.——",NA
"L L n","L L n","L L n","L L n",NA
"Ruman"," Michal"," Karviná [V  11.02.1983  peněžitý dar 165","00",NA
" Rutarová"," Jitka"," Čechovice © 11.12.1990 ( peněžitý dar 916","00.—©—",NA
" Rutová"," Miloslava"," Plzeň (10.11.1947  peněžitý dar 49 400","00.",NA
" Růžička"," Pavel"," Postoloprty  03.04.1970  peněžitý dar 49 400","00 ",NA
"Tk art o (1-7 TT","Tk art o (1-7 TT","Tk art o (1-7 TT","Tk art o (1-7 TT",NA
" Ryba"," Miroslav"," Tábor (21.06.1982 peněžitý dar 10 000","00 ",NA
"ko ————— 0 o one","ko ————— 0 o one","ko ————— 0 o one","ko ————— 0 o one",NA
" Rychtařík"," Milan"," Louny  28.06.1972  peněžitý dar 50 000","00 ",NA
"Rychtařík"," Milan"," Louny  28.06.1972  peněžitý dar 25 000","00 ",NA
" Rychtařík"," Milan"," Louny  28.06.1972  peněžitý dar 2 900","00 ",NA
"Rychtařík"," Milan"," Louny 28.06.1972  peněžitý dar 5 700","00 ",NA
"Ryšánek"," František"," Olomouc  04.09.1964  peněžitý dar 2 765","00 ",NA
"k a 4 >...","k a 4 >...","k a 4 >...","k a 4 >...",NA
"roh veš Dm O Nisn2o64 1 pměý ce vylalitu","roh veš Dm O Nisn2o64 1 pměý ce vylalitu","roh veš Dm O Nisn2o64 1 pměý ce vylalitu","roh veš Dm O Nisn2o64 1 pměý ce vylalitu",NA
"P O a Th ná 6 00","P O a Th ná 6 00","P O a Th ná 6 00","P O a Th ná 6 00",NA
" Řehounek"," Jan"," Pardubice © 27.10.1974.) peněžitýdar 5450000. ©"," Řehounek",NA
" Řezníček"," Jiří"," Roudnice nad Labem  16.02.1964  peněžitý dar 6 400","00 ",NA
". Řezníček"," Jiří"," Roudnice nad Labem  16.02.1964  peněžitý dar 20 000","00. © ",NA
" Řezníček"," Jiří"," Roudnice nad Labem  16.02.1964  peněžitý dar 5 000","00 ",NA
" Říčný"," Václav"," Vítkov  24.03.1991  peněžitý dar I 500","00 ",NA
"Říha"," Stanislav"," Jablonec nad Nisou - Kokonín —©— 17.06.1983  peněžitý dar 13.000","00.— ",NA
" Říha"," Věra"," Teplice  15.10.1961 peněžitý dar  400","00 ",NA
" Sachová"," Miloslava"," Vřesina  08.09.1957 peněžitý dar 396","00 ",NA
" Samaš"," Miroslav"," Rakovník  12.06.1966 peněžitý dar 11 535","00 ",NA
" Sarnovský"," Tomáš"," Litoměřice  23.05.1971 peněžitý dar 6 765","00 ",NA
"Seidl"," Michal"," Rokytnice nad Jizerou  26.09.1969 peněžitý dar 200","00 ",NA
" SEKO Aerospace"," a.s."," Praha 5  2544659 peněžitý dar 100 000","00",NA
" Sezemský"," Petr"," Svitavy  08.07.1974 peněžitý dar 800","00 ",NA
" Schiller"," Jan"," Most  06.04.1972 peněžitý dar 30 000","00",NA
" Schiller"," Jan"," Most  06.04.1972 peněžitý dar 20 000","00",NA
" Schillerová"," Marie"," Sezemice © 2 70710.1962————  peněžitý dar2 500","00.",NA
" Schwarz"," Martin"," Kouty © [28121977  peněžitý dar 15 100","00",NA
" S1ostrzonek"," Jan"," Albrechtice  12.01.1982 =  peněžitý dar 800","00.",NA
" S1ostrzonek"," Jan"," Albrechtice  12.01.1982 peněžitý dar 7 462","00 ",NA
" Sivulka"," Robert"," Vrbno pod Pradědem 23.07.1974 peněžitý dar 50 000","00 ",NA
" Skácel"," Jiří"," Rychvald  22.02.1980 peněžitý dar 1 504","00 ",NA
" Skála"," Jiří"," Brno  26.08.1953 peněžitý dar 16 000","00 ",NA
" Skála"," Tomáš"," Brno  25.05.1980 peněžitý dar 5 000","00 ",NA
" Skála"," Vlastimil"," Teplice 02.12.1970 peněžitý dar 5 000","00 ",NA
" Skála"," Vlastimil"," Teplice  02.12.1970 peněžitý dar 20 000","00",NA
"Skalický"," Marek"," Čelákovice © 16.08.1971  peněžitý dar 3 400","00.",NA
" Skalka"," Pavol"," Vizovice 2 709.10.1960 peněžitý dar 200","00.",NA
"Skalka"," Petr"," Ostrava  09.06.1973 peněžitý dar 200","00",NA
" Sklenka"," Miloš"," Prostějov  23.08.1963 peněžitý dar 7 253","00",NA
"n. ea","n. ea","n. ea","n. ea","n. ea"
" Sládek"," Jiří"," Plzeň 3 (12.10.1976  peněžitý dar 9 500","00 "," Sládek"
"Slávka. Vlašimi"," Raviěkiy Bed 11031958 T peněz dar 90006 ©","Slávka. Vlašimi"," Raviěkiy Bed 11031958 T peněz dar 90006 ©","Slávka. Vlašimi"
"EIEN 2 jooo C7 TOTO TT","EIEN 2 jooo C7 TOTO TT","EIEN 2 jooo C7 TOTO TT","EIEN 2 jooo C7 TOTO TT","EIEN 2 jooo C7 TOTO TT"
" Smitka"," Jan"," Želeč (15.08.1971  peněžitý dar 15 000","00 "," Smitka"
" Sojka"," Petr"," Strakonice  23.04.1984  peněžitý dar 15 000","00 "," Sojka"
" Solomonová"," Jana"," Praha 8 - Kobylisy  09.05.1984  peněžitý dar 14 400","00"," Solomonová"
" Souček"," Petr"," Brno (09.01.1981  peněžitý dar 120 000","00 — "," Souček"
"a známch"," Hdoké pad VR noo  TT VVN","a známch"," Hdoké pad VR noo  TT VVN","a známch"
"TA TON KETAT 1 vý Pí 1 Já","TA TON KETAT 1 vý Pí 1 Já","TA TON KETAT 1 vý Pí 1 Já","TA TON KETAT 1 vý Pí 1 Já","TA TON KETAT 1 vý Pí 1 Já"
" Spour"," Karel"," Chomutov © 09.06.1974"," peněžitý dar 2 911","00"
" Staněk"," Pavel"," Brno  20.01.1967  peněžitý dar 50 300","00."," Staněk"
" Starý"," Jakub"," Mladá Boleslav (17.11.1984  peněžitý dar 400","00 "," Starý"
" Starý"," Jakub"," Mladá Boleslav  17.11.1984  peněžitý dar 400","00"," Starý"
" Starý"," Stanislav"," Mladá Boleslav  02.01.1979  peněžitý dar 5 000","00"," Starý"
" Stašek"," Rostislav"," Háj ve Slezsku - Lhota  11.02.1978  peněžitý dar 800","00 "," Stašek"
"© STAYMINE s.r.o."," Praha 1  7675836  peněžitý dar 200 000","00","© STAYMINE s.r.o."," Praha 1  7675836  peněžitý dar 200 000"
"Prem rem. České Brdo 0 T13a81986 I peněz dar 1000000","Prem rem. České Brdo 0 T13a81986 I peněz dar 1000000","Prem rem. České Brdo 0 T13a81986 I peněz dar 1000000","Prem rem. České Brdo 0 T13a81986 I peněz dar 1000000","Prem rem. České Brdo 0 T13a81986 I peněz dar 1000000"
" Stehlík"," Petr"," České Budějovice  13.08.1986  peněžitý dar 6 680","00 "," Stehlík"
" Stehnová"," Alena"," Pardubice  25.05.1955  peněžitý dar 9 600","00 "," Stehnová"
" Stibor"," Jaroslav"," Javorník  15.02.1959  peněžitý dar 600","00 "," Stibor"
"Stoupa"," Michal"," Přerov (19.11.1975  peněžitý dar 2 347","00 ","Stoupa"
" Stoupa"," Michal"," Přerov (19.11.1975  peněžitý dar 2 805","00 "," Stoupa"
" Strakula"," Dušan"," Příbram VIII  04.03.1975  peněžitý dar 6 000","00 "," Strakula"
" Stránská"," Jarmila"," Semily (23.09.1961 peněžitý dar 800","00"," Stránská"
" Strolený"," Pavel"," Klatovy  23.04.1974 peněžitý dar 100 000","00"," Strolený"
" Strolený"," Pavel"," Klatovy —- 23.04.1974 peněžitý dar 3 300","00"," Strolený"
" Strýček"," Jiří"," Nový Jičín  05.04.1959  peněžitý dar 49 400","00"," Strýček"
" Stržínek"," Robert"," Valašské Meziříčí  23.11.1968  peněžitý dar 17 400","00"," Stržínek"
" Střálková"," Lenka"," Rožnov pod Radhoštěm  25.10.1967  peněžitý dar 5 923","00 "," Střálková"
" Střelec"," Bohumír"," Přerov VII - Čekyně  18.04.1961  peněžitý dar 15 000","00."," Střelec"
" Stýskalová"," Michaela"," Ostrava - Zábřeh 30.01.1989  peněžitý dar 8 705","00 "," Stýskalová"
" Sukop"," Jiří"," Zlín  04.12.1958  peněžitý dar 35 000","00. © "," Sukop"
" Svačinková"," Helena"," Olomouc  20.10.1977  peněžitý dar 2 000","00 "," Svačinková"
"Svoboda"," Jiří"," Ceské Budějovice  24.11.1959 peněžitý dar 15 000","00","Svoboda"
" Svoboda"," Jiří"," České Budějovice © 24.11.1959. peněžitýdar 2992500. ©"," Svoboda"," Jiří"
" Svoboda"," Jiří"," Ostrava-Poruba © (12.03.1989.  peněžitý dar9 500","00"," Svoboda"
" Svoboda"," Luděk"," Bílina (18.07.1971 peněžitý dar 1 400","00 "," Svoboda"
" Svoboda"," Vojtěch"," Frenštát pod Radhoštěm  22.05.1994 peněžitý dar 800","00 "," Svoboda"
". oboda. Zdeněk. Brno Kone KEE doo = on prvy a “ - . Z",". oboda. Zdeněk. Brno Kone KEE doo = on prvy a “ - . Z",". oboda. Zdeněk. Brno Kone KEE doo = on prvy a “ - . Z",". oboda. Zdeněk. Brno Kone KEE doo = on prvy a “ - . Z",NA
" Sýkora"," Jaroslav"," Český Brod 2 28.07.1950.) peněžitý dar 200","00.",NA
"Sýkora"," a 6 n — Zi jj i id JETO ený dar 1550000. s","Sýkora"," a 6 n — Zi jj i id JETO ený dar 1550000. s",NA
" Sýs"," Lukáš"," Vimperk  21.05.1983  peněžitý dar 800","00. ",NA
" Šafránek"," Stanislav"," Klatovy  07.05.1968  peněžitý dar  400","00 ",NA
" Šajner"," Petr"," Rakovník  13.08.1966  peněžitý dar 400","00 ",NA
" Šandová"," Jana"," Hradec Králové  25.08.1984  peněžitý dar 10 000","00 ",NA
" Šebestová"," Kateřina"," Ostrava  (24041979  peněžitýdar 2480000"," Šebestová",NA
"Sebestová"," Kateřina"," Ostrava 24.04.1979  peněžitý dar 75 000","00 ",NA
"SV : A Žbsaaa0670 1 peněžný dar = jiné","SV : A Žbsaaa0670 1 peněžný dar = jiné","SV : A Žbsaaa0670 1 peněžný dar = jiné","SV : A Žbsaaa0670 1 peněžný dar = jiné",NA
" SOA"," —-—r","——  05031967  peněžiý dar-3000000 "," SOA",NA
" Šefl"," Kamil František"," Holýšov  29.01.1967  peněžitý dar 100 000","00. ©",NA
" Šembera"," Zdeněk"," Liberec 14  25.08.1975  peněžitý dar 10 000","00 ",NA
" Šestořád"," Pavel"," Ostrava  15.06.1966  peněžitý dar 4 800","00 ",NA
" Ševčíková"," Mária"," Praha 14  09.10.1967  peněžitý dar 700","00 ",NA
" Ševčíková"," Mária"," Praha 14  09.10.1967  peněžitý dar 800","00 ",NA
" Ševčíková"," Mária"," Praha 14  09.10.1967  peněžitý dar 800","00 ",NA
" Ševela"," Libor"," Mladá Boleslav  20.08.1973 peněžitý dar 2 000","00 ",NA
"[Sevela"," Libor Mladá Belew  L- Deněžiný FLY""","[Sevela"," Libor Mladá Belew  L- Deněžiný FLY""",NA
"Šiňová Barbora"," Český Krmlay 0312 o6r neněžitý dar30000","00. ","Šiňová Barbora",NA
" Šimanovský"," Jaroslav"," Ústí nad Labem  24.11.1968 peněžitý dar 17 400","00 ",NA
" Šimek"," Bohumil"," Brno  02.03.1959 peněžitý dar 200 000","00 ",NA
" Šimek"," Filip"," Chomutov  03.12.1975  peněžitý dar 5 822","00 ",NA
" Šimík"," Otakar"," Ostrava  08.12.1979  peněžitý dar 15 000","00 ",NA
" Šimoňáková"," Šárka"," Pražmo  21.02.1983  peněžitý dar 75 000","00 ",NA
" Šimoňáková"," Šárka"," Pražmo  21.02.1983  peněžitý dar 20 818","00 ",NA
" Šimoník"," Petr"," Česká Lípa  01.03.1960 ee 723400. "," Šimoník",NA
" Šimoník"," Petr"," Česká Lípa 2 (01 .03.1960 peněžitý dar 7 234","00 . ",NA
" Šimsová"," Bronislava"," Trhové Sviny 13.10.1953 == dar 1 939","00 +",NA
" Šimůnek"," Miroslav"," Bruntál © (12.10.1958  peněžitý dar 300","00.",NA
" Šindler"," Jiří"," Štěpánov  24.08.1972  peněžitý dar 5 000","00 ",NA
" Škeřík"," Václav"," Litomyšl  06.05.1978  peněžitý dar 100 000","00. ",NA
" Škrabánek"," Roman"," Kolín  27.04.1967  peněžitý dar 12 000","00",NA
"Škrabánek"," Roman"," Kolín  27.04.1967 peněžitý dar 28 000","00",NA
" Škudrnová"," Jana"," Most  07.06.1976 peněžitý dar 1 299","00",NA
" Škudrnová"," Jana"," Most  07.06.1976"," Škudrnová",NA
" Škvain"," Václav"," Šilheřovice  08.07.1977 peněžitý dar 100","00",NA
"Šlechtová"," Dana"," Teplice  14.04.1962 peněžitý dar 2 532","00",NA
" Šlosar"," Martin"," Krnov 27.02.1973  peněžitý dar 800","00",NA
" Šnajdr"," Rostislav"," Olomouc  20.02.1955 peněžitý dar 4 086","00",NA
"""00008 O B HB a n — - 1 = la ","""00008 O B HB a n — - 1 = la ","""00008 O B HB a n — - 1 = la ","""00008 O B HB a n — - 1 = la ",NA
"o NN Toi 8 F“ vsi ne —. o ","o NN Toi 8 F“ vsi ne —. o ","o NN Toi 8 F“ vsi ne —. o ","o NN Toi 8 F“ vsi ne —. o ",NA
"[Spačková"," Jana Votice hrází EUTOATVJN Jeněžitý dar 300.00 ko ","[Spačková"," Jana Votice hrází EUTOATVJN Jeněžitý dar 300.00 ko ",NA
" Špačková"," Jana"," Votice 02.07.1986 peněžitý dar 800","00 ",NA
" Špaňhel"," Jiří"," Praha 5  05.03.1950 peněžitý dar 400","00 ",NA
" Špičák"," Julius"," Ptice  10.06.1952 peněžitý dar 69 400","00 ",NA
" Šrajer"," Jaroslav"," Liberec  26.05.1956  peněžitý dar 3 000","00 —",NA
" Štábl"," Jiří"," Teplice  28.04.1985 peněžitý dar 5 000","00 ",NA
"[Sán ji Teplice rý PYVKT PN  . něžný m 50 00000 ae 3","[Sán ji Teplice rý PYVKT PN  . něžný m 50 00000 ae 3","[Sán ji Teplice rý PYVKT PN  . něžný m 50 00000 ae 3","[Sán ji Teplice rý PYVKT PN  . něžný m 50 00000 ae 3",NA
"hm Te k === BE T a. = -i =","hm Te k === BE T a. = -i =","hm Te k === BE T a. = -i =","hm Te k === BE T a. = -i =",NA
" Šťastný"," Boris"," Praha 10.  08.04.1970.—— peněžitý dar 100000","00.— ",NA
" Štayrová"," Monika"," Hradec Králové  03.05.1963 peněžitý dar 20 800","00 ",NA
" Štayrová"," Monika"," Hradec Králové  03.05.1965 peněžitý dar 50 000","00 ",NA
" Štefka"," Pavel"," Polička  15.01.1970 peněžitý dar 30 000","00",NA
" Štembírková"," Marie"," Frýdek-Místek  16.12.1990 peněžitý dar 2 907","00",NA
" Štencl"," Jaroslav"," Nymburk 29.02.1972"," Štencl",NA
"Štěpánek"," Petr"," České Budějovice 21.06.1986 peněžitý dar 3 640","00",NA
"Štěpaník"," Milan"," Plzeň (24.10.1954 peněžitý dar 7 000","00",NA
"Štěrba"," Ondřej"," Litoměřice © 09.12.1970.) peněžitý dar3694","00.-——",NA
"Srba. Roman Čelákovice o JE E777 NN OTC !","Srba. Roman Čelákovice o JE E777 NN OTC !","Srba. Roman Čelákovice o JE E777 NN OTC !","Srba. Roman Čelákovice o JE E777 NN OTC !",NA
" Štolpa"," David"," Znojmo - Oblekovice  03.03.1983 peněžitý dar 54 245","00",NA
" Štrymplová"," Hana"," Ústí nad Labem  24.11.1970 peněžitý dar 17 400","00",NA
"Šulcová"," Karin"," Vyškov 03.08.1967","Šulcová",NA
" Šulc"," Přemysl"," Lomnice nad Popelkou  11.02.1971 peněžitý dar 2 000","00 ",NA
" Šulc"," Zdeněk"," Vyškov  25.03.1966"," Šulc",NA
" Šuma"," Miroslav"," Plzeň  25.02.1977 peněžitý dar 7 400","00 ",NA
" Šumová"," Veronika"," Vejprnice  06.09.1984 peněžitý dar I 578","00",NA
" Šůs"," Leoš"," Strakonice (02.04.1982  peněžitý dar 1 939","00.",NA
" Šustáček"," Petr"," Plzeň - Újezd ©  04.02.1979  peněžitý dar 3 000","00.",NA
" Švadlena"," Jiří"," Benešov © (04.10.1953. peněžitý dar3 580","00.",NA
" Švec"," David"," Svitavy  29.05.1970"," Švec",NA
" Švec"," David"," Svitavy  29.05.1970 peněžitý dar 30 000","00",NA
" Švec"," Pavel"," Sněžné  21.06.1947"," Švec",NA
" Tabášek"," Jan"," Ostrava  14.02.1994"," Tabášek",NA
" Táflová"," Kateřina"," Praha  21.12.1989"," Táflová",NA
" Tachas"," Roman"," Jičín  03.10.1969"," Tachas",NA
" TDZ Tum s.r.o."," Brno - Židenice  28373332 peněžitý dar 50 000","00"," TDZ Tum s.r.o.",NA
" Teplá"," Martina"," Liberec 1 07.05.1976 peněžitý dar 11.000","00.©©",NA
"Teplík"," František"," Ostrava © (29.11.1950.  peněžitýdar1 000","00.",NA
" Tesková"," Petra"," Hlučín 02.07.1966"," Tesková",NA
"Z —— T","Z —— T","Z —— T","Z —— T",NA
"m . m m m = 55m","m . m m m = 55m","m . m m m = 55m","m . m m m = 55m",NA
"""řenánkové"," Hana"," Orava JM — ee neni ča 1800000","""řenánkové",NA
" Tichý"," Luděk"," Horká nad Moravou  02.08.1976  peněžitý dar 4 100","00 ",NA
" Tichý"," Luděk"," Horká nad Moravou  02.08.1976  peněžitý dar 1 552","00 ",NA
" Tichý"," Miloslav"," Olomouc (11.10.1987  peněžitý dar 17 000","00 ",NA
" TIPA Telekom plus a.s."," Třebíč - Jejkov —©—— (27746631.  peněžitý dar 20000000. ©"," TIPA Telekom plus a.s."," Třebíč - Jejkov —©—— (27746631.  peněžitý dar 20000000. ©",NA
" Tomášová"," Pavla"," Litvínov E O dar 20 n"," Tomášová",NA
"= l  T T","= l  T T","= l  T T","= l  T T",NA
"T m n Tramam 60","T m n Tramam 60","T m n Tramam 60","T m n Tramam 60",NA
"TT TYC něžný da CVO","TT TYC něžný da CVO","TT TYC něžný da CVO","TT TYC něžný da CVO",NA
" Tomáš"," Rostislav"," Litvínov ——  04.12.1968  peněžitý dar 5 646","00. ",NA
" Tonnerová"," Olga"," Bruntál  10.07.1976  peněžitý dar 300","00 ",NA
" Totušek"," Radim"," Polička o peněžitý dar I 800","00 ",NA
" Totušek"," Radim"," Polička  03.04.1975 peněžitý dar I 800","00 ",NA
" Touška"," Jiří"," Chomutov  25.07.1961 peněžitý dar 8 937","00 ",NA
" Trachta"," Jaroslav"," Králův Dvůr  29.05.1967  peněžitý dar 5 537","00 ",NA
" Trachta"," Jaroslav"," Králův Dvůr  29.05.1967 peněžitý dar 8 329","00",NA
"Provee rosa oa ono O aa]","Provee rosa oa ono O aa]","Provee rosa oa ono O aa]","Provee rosa oa ono O aa]",NA
"k  oororé Trone dr","k  oororé Trone dr","k  oororé Trone dr","k  oororé Trone dr",NA
" Troníčková"," Petra"," Litvínov - Hamr  17.08.1976 peněžitý dar 3 071","00",NA
" Tučková"," Marcela"," Bílina  06.10.1977 peněžitý dar 1 000","00 ",NA
" Tůma"," Pavel"," Chomutov  05.05.1985 peněžitý dar 10 667","00 ",NA
"Tureček"," Karel"," Chýnov (01.02.1971 peněžitý dar 58 000","00 ",NA
" Ullmann"," Vítězslav"," Ostrov  16.08.1972 peněžitý dar 461","00 ",NA
" Unzeitig"," Miloš"," Zábřeh  08.04.1959 peněžitý dar 1 707","00",NA
" Urbánek"," Jiří"," Bílina  28.09.1979 peněžitý dar 2 000","00",NA
"m Martin"," Mokrá - Horákov © 09.12.1973 peněžitý dar 1 900","00","m Martin",NA
"o i PEREM:","o i PEREM:","o i PEREM:","o i PEREM:",NA
"[VINET sro"," Šumice ————y  peněžitý dar 50 000","00.","[VINET sro",NA
" Valena"," Ondřej"," Trhové Sviny  12.04.1980"," Valena",NA
" Valenta"," Jiří"," Ústí nad Labem peněžitý dar 20 000","00",NA
" Valenta"," Jiří"," Ústí nad Labem  11.02.1973 peněžitý dar 6 508","00",NA
" Valenta"," Jiří"," Ústí nad Labem  11.02.1973 peněžitý dar 5 000","00",NA
" Valentová"," Vilma"," Bohumín  18.02.1969 peněžitý dar 7 466","00 ",NA
" Válková"," Helena"," Praha 2 (07.01.1951 peněžitý dar 59 400","00 ",NA
" Vanečková"," Magdaléna"," Olomouc  22.12.1972 peněžitý dar 787","00 ",NA
" Vanečková"," Magdaléna"," 29 m (22.12.1972  peměžitý dar 1148700 "," Vanečková",NA
" Vaněk"," Kamil"," Háj ve Slezsku (31.07.1969 peněžitý dar 400","00 ",NA
" Vanka"," Petr"," Kaznějov  22.04.1964 peněžitý dar 20 200","00",NA
" Vanka"," Petr"," Kaznějov  22.04.1964 peněžitý dar 35 000","00",NA
" — ye Tao] = TETO OTO i"," — ye Tao] = TETO OTO i"," — ye Tao] = TETO OTO i"," — ye Tao] = TETO OTO i",NA
" prý - == n 0 TPK NNN —— ZE 0"," prý - == n 0 TPK NNN —— ZE 0"," prý - == n 0 TPK NNN —— ZE 0"," prý - == n 0 TPK NNN —— ZE 0",NA
"[Vařeka m — SEO JE TYTO  peněžitý dar hp*+ yl","[Vařeka m — SEO JE TYTO  peněžitý dar hp*+ yl","[Vařeka m — SEO JE TYTO  peněžitý dar hp*+ yl","[Vařeka m — SEO JE TYTO  peněžitý dar hp*+ yl",NA
" VAŠE ZUBNÍ CENTRUM s.r.o."," Ústí nad Labem  4084471  peněžitý dar 20 000","00"," VAŠE ZUBNÍ CENTRUM s.r.o.",NA
" Vávra"," Jiří"," Ostrava  07.07.1957  peněžitý dar 25 000","00",NA
" Vávra"," Tomáš"," Roudnice nad Labem  19.04.1965 peněžitý dar 6 000","00",NA
"Večerka"," Pavel Mohelnice -=  26.1 a peněžitý dar 800","00.","Večerka",NA
"Večerka"," Pavel"," Mohelnice  26.11.1963 peněžitý dar 800","00",NA
" Večerková"," Hana. Otrokovice: ee  o —  r dar 1057700."," Večerková"," Hana. Otrokovice: ee  o —  r dar 1057700.",NA
"= Paví SAVA ja P onnee ši FONT NN — TT rs","= Paví SAVA ja P onnee ši FONT NN — TT rs","= Paví SAVA ja P onnee ši FONT NN — TT rs","= Paví SAVA ja P onnee ši FONT NN — TT rs",NA
"(m ne —— aa","(m ne —— aa","(m ne —— aa","(m ne —— aa",NA
"p —- 8 0 — u - r r ; 1000000.)","p —- 8 0 — u - r r ; 1000000.)","p —- 8 0 — u - r r ; 1000000.)","p —- 8 0 — u - r r ; 1000000.)",NA
" Vencálek"," Petr"," Brno (04.12.1969 peněžitý dar 20 000","00",NA
" Venhoda"," Petr"," Praha 3  25.07.1986"," Venhoda",NA
" Vereš"," Richard"," Ostrava  03.10.1995"," Vereš",NA
" Verner"," Jaroslav"," Bělá pod Bezdězem  11.08.1957"," Verner",NA
" Veřmiřovský"," Jan"," Ostrava  04.05.1980"," Veřmiřovský",NA
" Veřmiřovský"," Jan"," Ostrava  04.03.1980 peněžitý dar 50 000","00",NA
"KA ZS TE a po C o fooseneí","KA ZS TE a po C o fooseneí","KA ZS TE a po C o fooseneí","KA ZS TE a po C o fooseneí",NA
"Veselka"," Pety Moravská Osmwa 000 0108) 105 krv=osanam i zá dm I","Veselka"," Pety Moravská Osmwa 000 0108) 105 krv=osanam i zá dm I",NA
" Veselý"," Jan"," Havířov  02.12.1979"," Veselý",NA
" Veselý"," Josef"," Bílina  18.04.1972"," Veselý",NA
" Větrovský"," Jaroslav"," Mladá Vožice  31.07.1968"," Větrovský",NA
" Videcký"," Josef"," Ostrava  30.01.1972"," Videcký",NA
" Vichrová"," Lucie"," Jihlava  01.12.1973"," Vichrová",NA
" Viktora"," Josef"," Kutná Hora - Karlov  05.02.1950"," Viktora",NA
" VINAŘSTVÍ ZIKMUND s.r.o."," Plzeň  3610616 peněžitý dar 100 000","00"," VINAŘSTVÍ ZIKMUND s.r.o.",NA
" Vitonský"," Daniel"," Hranice IL ©  12.05.1977  peněžitý dar6400","00.-——",NA
"V U 0 M","V U 0 M","V U 0 M","V U 0 M",NA
" Vitonský"," Daniel"," Hranice III 12.05.1977 peněžitý dar 6 400","00",NA
" Vítová"," Renata"," Bílina a peněžitý dar 1 700","00.",NA
" Vladyka"," Pavel"," Žebrák  24.10.1975"," Vladyka",NA
" Vlach"," Tomáš"," Ústí nad Labem  16.10.1988"," Vlach",NA
" Vlasáková"," Věra"," Mnichovo Hradiště  27.12.1968"," Vlasáková",NA
" Vlčková"," Radomíra"," Ostrava-Vítkovice  26.12.1959"," Vlčková",NA
" Vojta"," Milan"," Břeclav  16.08.1983"," Vojta",NA
" Vojtěch"," Adam"," Včelná  02.10.1986"," Vojtěch",NA
" Vojtová"," Michaela"," Kladno 08111967 peněžitý dar 70 000","00",NA
"[Vojrová"," michaela Kladné 0000  PIT = P am 300000","[Vojrová"," michaela Kladné 0000  PIT = P am 300000",NA
"volen"," Michal"," České Budějovike 110581968 -ya","volen",NA
" Volf"," Martin"," Česká Lípa  03.05.1963 peněžitý dar 4 725","00",NA
" Volfová"," Jitka"," Česká Lípa © 24.10.1968 peněžitý dar 36 800","00",NA
"E o OTT VJ","E o OTT VJ","E o OTT VJ","E o OTT VJ",NA
" Volnohradský"," Radan"," Šumperk © 116.05.1959 peněžitý dar 20 000","00. ",NA
"K Nj au 37 TT NÍ","K Nj au 37 TT NÍ","K Nj au 37 TT NÍ","K Nj au 37 TT NÍ",NA
"Volný"," Jan"," Chodova Planá -o 15.06.1959. —— peněžitý dar50 800","00. ",NA
" Volný"," Jan"," Chodova Planá © (15.06.1959.  peněžitý dar 100 000","00",NA
" Vondráček"," Radek"," Kroměříž (30.12.1973 peněžitý dar 69 400","00 ",NA
" Vondráček"," Radek"," Slaný © (04.04.1972) peněžitýdar640000.— "," Vondráček",NA
"Vondrák"," Ivo"," Velká Polom 15.04.1959  peněžitý dar 100 000","00. ",NA
"n Te NSS 171 57 ACT","n Te NSS 171 57 ACT","n Te NSS 171 57 ACT","n Te NSS 171 57 ACT",NA
"o- 0078 Toměnýar2 5310]","o- 0078 Toměnýar2 5310]","o- 0078 Toměnýar2 5310]","o- 0078 Toměnýar2 5310]",NA
"ee zm","ee zm","ee zm","ee zm",NA
" Vrána"," Petr"," Přerov  04.01.1975  peněžitý dar 86 214","00 ",NA
" Vrbová"," Hana"," Želetice u Kyjova  21.09.1990  peněžitý dar 4 000","00 ",NA
" Vrchovecký"," Emil"," Háj ve Slezsku  11.01.1953  peněžitý dar 800","00 ",NA
"Vycpálek"," Jan"," Litvínov  22.01.1982  peněžitý dar 7 608","00 ",NA
"baz 0 ando977 0 oměžkýdm rooor006","baz 0 ando977 0 oměžkýdm rooor006","baz 0 ando977 0 oměžkýdm rooor006","baz 0 ando977 0 oměžkýdm rooor006",NA
"OMA VSEM TB TO NÍ","OMA VSEM TB TO NÍ","OMA VSEM TB TO NÍ","OMA VSEM TB TO NÍ",NA
"n.","n.","n.","n.",NA
" Vyzula"," Rostislav"," Brno -Nový Lískovec  03.12.1952  peněžitýdar 4940000 "," Vyzula",NA
" Wala"," Petr"," Havířov - Šumbark ( 25.10.1971  peněžitý dar 12 000","00 ",NA
" Walica"," Jan"," Třinec  04.02.1973  peněžitý dar 400","00 ",NA
" Wawrzyk"," Tomáš"," Stonava  04.11.1967  peněžitý dar 1 900","00 ",NA
" Weber"," Jiří"," Chomutov (27.01.1973  peněžitý dar 9 665","00 ",NA
" Weigl"," František"," Bílina  16.05.1980  peněžitý dar 1 900","00 ",NA
" Wenzl"," Lubomír"," Drnovice  23.09.1968  peněžitý dar 50 000","00 © ",NA
" Wenzl"," Lubomír"," Drnovice  23.09.1968 peněžitý dar 100 000","00",NA
"Fena lem = So (TC oa T","Fena lem = So (TC oa T","Fena lem = So (TC oa T","Fena lem = So (TC oa T",NA
"n.. = o (770 5 F TIT","n.. = o (770 5 F TIT","n.. = o (770 5 F TIT","n.. = o (770 5 F TIT",NA
" Wójcikiewicz"," Martin"," Ostrava Poruba © 15.01.1995. peněžitý dar 760000."," Wójcikiewicz",NA
" Wotke"," Michaela"," Dolní Lutyně- Věřňovice  23.04.1981  peněžitý dar 800","00 ",NA
" Wudyová"," Zuzana"," Frýdlant  13.09.1976  peněžitý dar 3 200","00 ",NA
" Záhořík"," Jiří"," Chabařovice  10.04.1943  peněžitý dar 200","00 ",NA
" Záhoř"," Martin"," Stříbro  18.07.1973 peněžitý dar 100 000","00 ",NA
" Zahradníček"," Jan"," Medlov 28.02.1960 peněžitý dar 20 000","00 ",NA
" Zahradníček"," Jan"," Medlov  28.02.1960  peněžitý dar 35 600","00",NA
" Zajíček"," Jaromír"," Nový Bor  31.07.1951 peněžitý dar 2 000","00",NA
"""Zalaháková"," idra"," Kadat Rose omezný da 2000000","""Zalaháková",NA
" Zarzycký"," Roman"," Plzeň   07.09.1977  peněžitý dar 24 400","00",NA
" Zegzulka"," David"," Ostrava Poruba  12.01.1979  peněžitý dar 8 400","00",NA
" =- vý“ = ms 1066 FE 17T má"," =- vý“ = ms 1066 FE 17T má"," =- vý“ = ms 1066 FE 17T má"," =- vý“ = ms 1066 FE 17T má",NA
"ze ina. Martin"," Miškovice a 1018 K PTT T 1M","ze ina. Martin"," Miškovice a 1018 K PTT T 1M",NA
"Zelinka"," Dakáš Pze MNE: BEPSSNE 01006 === 7 TTS","Zelinka"," Dakáš Pze MNE: BEPSSNE 01006 === 7 TTS",NA
" Zemanová"," Monika"," Lovosice  31.10.1966 peněžitý dar 4 476","00",NA
"(Ziegler"," Bořivoj"," Moravský Krumlov 15061962  peněžitýdar 12000000.","(Ziegler",NA
" Znegler"," Roman"," Horní Litvínov  23.11.1972 peněžitý dar 14 842","00",NA
" Zlesák"," Radek"," Žďár nad Sázavou © 11.07.1983  peněžitý dar50800","00.——",NA
" ZNOJMOPROJEKT Ing. arch. Radomír KAMAN","  65276787  peněžitý dar 65 000","00."," ZNOJMOPROJEKT Ing. arch. Radomír KAMAN",NA
". S.r.0."," Znojmo",". S.r.0."," Znojmo",NA
" Zukerstein"," František"," Lovosice © 13.07.1956.  peněžitýdar1 600","00.",NA
" Zuštík"," Martin"," Ostrava 18.05.1956.  peněžitýdar16200","00.-— ",NA
" Zvonař"," Jaroslav"," Praha  14.11.1972 peněžitý dar 1 200","00 ",NA
" Žáková"," Hana"," Karlovy Vary - Dvory  12.06.1964 peněžitý dar 20 000","00",NA
" Žáková"," Hana"," Karlovy Vary - Dvory ©  12.06.1964 peněžitý dar 34 784","00 ",NA
" Řakená"," Fame"," Melovy Vy- E 1717117 Jeněžitý dar 10 000","00 ",NA
"E O S mh = 0 an —","E O S mh = 0 an —","E O S mh = 0 an —","E O S mh = 0 an —",NA
"[Zbánek"," miroslav"," Olma 0 103000 ""peněžitý dar 2000000.)","[Zbánek",NA
"[Žbánek"," Miroslav Olma 103007 == = = 00000 —","[Žbánek"," Miroslav Olma 103007 == = = 00000 —",NA
" Ženožička"," Petr"," Rosice  05.01.1980 peněžitý dar 75 000","00 ",NA
" Župková"," Marcela"," Prostějov —  27.12.1973 -© peněžitý dar 3 848","00",NA
" Župková"," Marcela"," Prostějov —————— dama 1973 5  peněžitý dar 920","00",NA
" Župková"," Marcela"," Prostějov —  2.12.1975 peněžitý dar 687","00 ",NA
